-- V4: MHT-CET Full Syllabus Seed Data
-- Auto-generated clean migration

-- Subjects (safe re-insert)
INSERT INTO subjects (id, name, code) VALUES
('b2222222-2222-2222-2222-222222222222', 'Chemistry', 'CHEM'),
('c3333333-3333-3333-3333-333333333333', 'Mathematics', 'MATH')
ON CONFLICT (id) DO NOTHING;

-- Topics: Physics
INSERT INTO topics (id, name, subject_id) VALUES
('a1111111-1111-1111-1111-111111111112', 'Laws of Motion and Gravitation', 'a1111111-1111-1111-1111-111111111111'),
('a1111111-1111-1111-1111-111111111113', 'Rotational Motion', 'a1111111-1111-1111-1111-111111111111'),
('a1111111-1111-1111-1111-111111111114', 'Oscillations and Waves', 'a1111111-1111-1111-1111-111111111111'),
('a1111111-1111-1111-1111-111111111115', 'Thermodynamics and Kinetic Theory', 'a1111111-1111-1111-1111-111111111111'),
('a1111111-1111-1111-1111-111111111116', 'Electrostatics', 'a1111111-1111-1111-1111-111111111111'),
('a1111111-1111-1111-1111-111111111117', 'Current Electricity and Magnetism', 'a1111111-1111-1111-1111-111111111111'),
('a1111111-1111-1111-1111-111111111118', 'Electromagnetic Induction and AC', 'a1111111-1111-1111-1111-111111111111'),
('a1111111-1111-1111-1111-111111111119', 'Optics and Wave Theory', 'a1111111-1111-1111-1111-111111111111'),
('a1111111-1111-1111-1111-11111111111a', 'Modern Physics and Semiconductors', 'a1111111-1111-1111-1111-111111111111'),
('f1110001-0000-0000-0000-000000000001', 'Units and Measurements', 'a1111111-1111-1111-1111-111111111111'),
('f1110002-0000-0000-0000-000000000002', 'Motion in a Plane', 'a1111111-1111-1111-1111-111111111111'),
('f1110003-0000-0000-0000-000000000003', 'Laws of Motion', 'a1111111-1111-1111-1111-111111111111'),
('f1110004-0000-0000-0000-000000000004', 'Gravitation', 'a1111111-1111-1111-1111-111111111111'),
('f1110005-0000-0000-0000-000000000005', 'Thermal Properties of Matter', 'a1111111-1111-1111-1111-111111111111'),
('f1110006-0000-0000-0000-000000000006', 'Sound', 'a1111111-1111-1111-1111-111111111111'),
('f1110007-0000-0000-0000-000000000007', 'Optics (XI)', 'a1111111-1111-1111-1111-111111111111'),
('f1110008-0000-0000-0000-000000000008', 'Electrostatics (XI)', 'a1111111-1111-1111-1111-111111111111'),
('f1110009-0000-0000-0000-000000000009', 'Semiconductors (XI)', 'a1111111-1111-1111-1111-111111111111')
ON CONFLICT (id) DO NOTHING;

-- Topics: Chemistry
INSERT INTO topics (id, name, subject_id) VALUES
('b2222222-2222-2222-2222-222222222201', 'Some Basic Concepts of Chemistry', 'b2222222-2222-2222-2222-222222222222'),
('b2222222-2222-2222-2222-222222222202', 'Structure of Atom and Periodic Table', 'b2222222-2222-2222-2222-222222222222'),
('b2222222-2222-2222-2222-222222222203', 'Chemical Bonding and States of Matter', 'b2222222-2222-2222-2222-222222222222'),
('b2222222-2222-2222-2222-222222222204', 'Redox Reactions and Electrochemistry', 'b2222222-2222-2222-2222-222222222222'),
('b2222222-2222-2222-2222-222222222205', 'Chemical Equilibrium and Ionic Equilibrium', 'b2222222-2222-2222-2222-222222222222'),
('b2222222-2222-2222-2222-222222222206', 'Chemical Kinetics and Thermodynamics', 'b2222222-2222-2222-2222-222222222222'),
('b2222222-2222-2222-2222-222222222207', 'p-Block and d-Block Elements', 'b2222222-2222-2222-2222-222222222222'),
('b2222222-2222-2222-2222-222222222208', 'Organic Chemistry: Hydrocarbons', 'b2222222-2222-2222-2222-222222222222'),
('b2222222-2222-2222-2222-222222222209', 'Organic Compounds: Functional Groups', 'b2222222-2222-2222-2222-222222222222'),
('b2222222-2222-2222-2222-222222222210', 'Biomolecules and Polymers', 'b2222222-2222-2222-2222-222222222222')
ON CONFLICT (id) DO NOTHING;

-- Topics: Mathematics
INSERT INTO topics (id, name, subject_id) VALUES
('c3333333-3333-3333-3333-333333333301', 'Trigonometry', 'c3333333-3333-3333-3333-333333333333'),
('c3333333-3333-3333-3333-333333333302', 'Straight Lines and Circles', 'c3333333-3333-3333-3333-333333333333'),
('c3333333-3333-3333-3333-333333333303', 'Vectors and 3D Geometry', 'c3333333-3333-3333-3333-333333333333'),
('c3333333-3333-3333-3333-333333333304', 'Complex Numbers and Sequences', 'c3333333-3333-3333-3333-333333333333'),
('c3333333-3333-3333-3333-333333333305', 'Permutations, Combinations and Probability', 'c3333333-3333-3333-3333-333333333333'),
('c3333333-3333-3333-3333-333333333306', 'Limits, Continuity and Differentiation', 'c3333333-3333-3333-3333-333333333333'),
('c3333333-3333-3333-3333-333333333307', 'Applications of Derivatives', 'c3333333-3333-3333-3333-333333333333'),
('c3333333-3333-3333-3333-333333333308', 'Integration and Differential Equations', 'c3333333-3333-3333-3333-333333333333'),
('c3333333-3333-3333-3333-333333333309', 'Matrices and Determinants', 'c3333333-3333-3333-3333-333333333333'),
('c3333333-3333-3333-3333-333333333310', 'Statistics and Linear Programming', 'c3333333-3333-3333-3333-333333333333')
ON CONFLICT (id) DO NOTHING;

-- Laws of Motion and Gravitation (batch 1)
INSERT INTO questions (id, subject_id, topic_id, difficulty, question_text, option_a, option_b, option_c, option_d, correct_answer, solution) VALUES
('a2000001-0000-0000-0000-000000000001', 'a1111111-1111-1111-1111-111111111111', 'a1111111-1111-1111-1111-111111111112', 'EASY', 'A body of mass 5 kg is acted upon by a force that changes its velocity from 4 m/s to 10 m/s in 2 seconds. What is the force applied?', '10 N', '15 N', '20 N', '25 N', 'B', 'F = m(v-u)/t = 5*(10-4)/2 = 15 N'),
('a2000001-0000-0000-0000-000000000002', 'a1111111-1111-1111-1111-111111111111', 'a1111111-1111-1111-1111-111111111112', 'EASY', 'Newton''s third law states that action and reaction forces are:', 'Equal in magnitude, same direction', 'Equal in magnitude, opposite direction', 'Unequal, same direction', 'Unequal, opposite direction', 'B', 'Action and reaction are equal and opposite but act on different bodies.'),
('a2000001-0000-0000-0000-000000000003', 'a1111111-1111-1111-1111-111111111111', 'a1111111-1111-1111-1111-111111111112', 'EASY', 'A 2 kg block slides on a surface with coefficient of kinetic friction 0.4. Find the friction force. (g=10 m/s^2)', '4 N', '8 N', '10 N', '12 N', 'B', 'f = mumg = 0.4*2*10 = 8 N'),
('a2000001-0000-0000-0000-000000000004', 'a1111111-1111-1111-1111-111111111111', 'a1111111-1111-1111-1111-111111111112', 'EASY', 'The law of conservation of momentum applies when:', 'Net external force is zero', 'Net internal force is zero', 'Both forces are zero', 'Friction is absent', 'A', 'Momentum is conserved when no net external force acts on the system.'),
('a2000001-0000-0000-0000-000000000005', 'a1111111-1111-1111-1111-111111111111', 'a1111111-1111-1111-1111-111111111112', 'EASY', 'A ball of mass 0.5 kg moving at 6 m/s collides and comes to rest. Impulse imparted is:', '2 N s', '3 N s', '4 N s', '6 N s', 'B', 'Impulse = change in momentum = 0.5*6 = 3 N s'),
('a2000001-0000-0000-0000-000000000006', 'a1111111-1111-1111-1111-111111111111', 'a1111111-1111-1111-1111-111111111112', 'EASY', 'The gravitational force between two masses is 40 N. If distance is doubled, new force is:', '10 N', '20 N', '40 N', '80 N', 'A', 'F 1/r^2, doubling distance -> force becomes F/4 = 10 N'),
('a2000001-0000-0000-0000-000000000007', 'a1111111-1111-1111-1111-111111111111', 'a1111111-1111-1111-1111-111111111112', 'EASY', 'Escape velocity from Earth''s surface is approximately:', '7.9 km/s', '11.2 km/s', '16.5 km/s', '9.8 km/s', 'B', 'Escape velocity = sqrt(2gR) ~= 11.2 km/s'),
('a2000001-0000-0000-0000-000000000008', 'a1111111-1111-1111-1111-111111111111', 'a1111111-1111-1111-1111-111111111112', 'MEDIUM', 'A body in a geostationary orbit has a time period of:', '12 hours', '24 hours', '48 hours', '72 hours', 'B', 'Geostationary orbit has period equal to Earth''s rotation = 24 hours.'),
('a2000001-0000-0000-0000-000000000009', 'a1111111-1111-1111-1111-111111111111', 'a1111111-1111-1111-1111-111111111112', 'MEDIUM', 'Two bodies of masses 3 kg and 5 kg collide elastically. Before collision 3 kg moves at 4 m/s and 5 kg is at rest. Velocity of 3 kg after collision:', '-0.5 m/s', '0.5 m/s', '-1 m/s', '1 m/s', 'C', 'For elastic collision: v1 = (m1-m2)u1/(m1+m2) = (3-5)*4/8 = -1 m/s.'),
('a2000001-0000-0000-0000-000000000010', 'a1111111-1111-1111-1111-111111111111', 'a1111111-1111-1111-1111-111111111112', 'MEDIUM', 'Kepler''s second law (law of areas) is a consequence of conservation of:', 'Energy', 'Linear Momentum', 'Angular Momentum', 'Mass', 'C', 'The equal areas in equal times arises from conservation of angular momentum.'),
('a2000001-0000-0000-0000-000000000011', 'a1111111-1111-1111-1111-111111111111', 'a1111111-1111-1111-1111-111111111112', 'MEDIUM', 'A rocket ejects gas at 500 m/s at rate 2 kg/s. Thrust force is:', '250 N', '500 N', '1000 N', '2000 N', 'C', 'Thrust = v * dm/dt = 500*2 = 1000 N'),
('a2000001-0000-0000-0000-000000000012', 'a1111111-1111-1111-1111-111111111111', 'a1111111-1111-1111-1111-111111111112', 'MEDIUM', 'The orbital velocity of a satellite at height h above Earth of radius R is:', 'sqrt(gR)', 'sqrt(gR^2/(R+h))', 'sqrt(g(R+h))', 'gR/(R+h)', 'B', 'v = sqrt(GM/(R+h)) = sqrt(gR^2/(R+h))'),
('a2000001-0000-0000-0000-000000000013', 'a1111111-1111-1111-1111-111111111111', 'a1111111-1111-1111-1111-111111111112', 'MEDIUM', 'A person weighs 600 N on Earth. Weight on moon (g_moon = g/6) is:', '50 N', '100 N', '200 N', '600 N', 'B', 'W_moon = mg/6 = 600/6 = 100 N'),
('a2000001-0000-0000-0000-000000000014', 'a1111111-1111-1111-1111-111111111111', 'a1111111-1111-1111-1111-111111111112', 'MEDIUM', 'Work done by friction on a body sliding on a rough surface is always:', 'Positive', 'Negative', 'Zero', 'Depends on surface', 'B', 'Friction opposes motion, so work done is always negative.'),
('a2000001-0000-0000-0000-000000000015', 'a1111111-1111-1111-1111-111111111111', 'a1111111-1111-1111-1111-111111111112', 'HARD', 'If binding energy of a satellite is E, what is total energy?', '-E', 'E', '-2E', '2E', 'A', 'Total energy = -BE = -E for a bound satellite.'),
('a2000001-0000-0000-0000-000000000016', 'a1111111-1111-1111-1111-111111111111', 'a1111111-1111-1111-1111-111111111112', 'HARD', 'A mass m is on a frictionless incline of angle theta. The normal force is:', 'mg', 'mg sintheta', 'mg costheta', 'mg tantheta', 'C', 'N = mg costheta on a frictionless incline.')
ON CONFLICT (id) DO NOTHING;

-- Rotational Motion (batch 1)
INSERT INTO questions (id, subject_id, topic_id, difficulty, question_text, option_a, option_b, option_c, option_d, correct_answer, solution) VALUES
('a2000002-0000-0000-0000-000000000001', 'a1111111-1111-1111-1111-111111111111', 'a1111111-1111-1111-1111-111111111113', 'EASY', 'Moment of inertia of a solid sphere about its diameter is:', '(2/5)MR^2', '(1/2)MR^2', '(2/3)MR^2', 'MR^2', 'A', 'I = (2/5)MR^2 for solid sphere about diameter.'),
('a2000002-0000-0000-0000-000000000002', 'a1111111-1111-1111-1111-111111111111', 'a1111111-1111-1111-1111-111111111113', 'EASY', 'Angular momentum L = Iomega. If I doubles and omega halves, L:', 'Doubles', 'Halves', 'Remains same', 'Quadruples', 'C', 'L = Iomega = (2I)(omega/2) = Iomega, unchanged.'),
('a2000002-0000-0000-0000-000000000003', 'a1111111-1111-1111-1111-111111111111', 'a1111111-1111-1111-1111-111111111113', 'EASY', 'Torque is defined as:', 'F * r', 'r * F', 'F / r', 'F r', 'B', 'Torque tau = r * F (cross product).'),
('a2000002-0000-0000-0000-000000000004', 'a1111111-1111-1111-1111-111111111111', 'a1111111-1111-1111-1111-111111111113', 'EASY', 'A body rolling without slipping on a surface has:', 'Only translational KE', 'Only rotational KE', 'Both translational and rotational KE', 'Neither', 'C', 'Rolling body has both translational and rotational kinetic energy.'),
('a2000002-0000-0000-0000-000000000005', 'a1111111-1111-1111-1111-111111111111', 'a1111111-1111-1111-1111-111111111113', 'EASY', 'Radius of gyration k is related to moment of inertia I and mass M by:', 'I = Mk', 'I = Mk^2', 'I = M/k^2', 'I = M^2k', 'B', 'I = Mk^2 where k is radius of gyration.'),
('a2000002-0000-0000-0000-000000000006', 'a1111111-1111-1111-1111-111111111111', 'a1111111-1111-1111-1111-111111111113', 'EASY', 'Perpendicular axis theorem applies to:', '3D bodies', '2D laminar bodies only', 'Spherical bodies', 'None', 'B', 'Perpendicular axis theorem: Iz = Ix + Iy, applies to flat 2D laminas.'),
('a2000002-0000-0000-0000-000000000007', 'a1111111-1111-1111-1111-111111111111', 'a1111111-1111-1111-1111-111111111113', 'EASY', 'A disc of mass M and radius R has moment of inertia about central axis:', 'MR^2', '(1/2)MR^2', '(2/3)MR^2', '(2/5)MR^2', 'B', 'I = (1/2)MR^2 for solid disc about central axis.'),
('a2000002-0000-0000-0000-000000000008', 'a1111111-1111-1111-1111-111111111111', 'a1111111-1111-1111-1111-111111111113', 'MEDIUM', 'A torque of 10 N m acts on a body with I = 2 kg m^2. Angular acceleration is:', '2 rad/s^2', '5 rad/s^2', '10 rad/s^2', '20 rad/s^2', 'B', 'alpha = tau/I = 10/2 = 5 rad/s^2.'),
('a2000002-0000-0000-0000-000000000009', 'a1111111-1111-1111-1111-111111111111', 'a1111111-1111-1111-1111-111111111113', 'MEDIUM', 'A skater pulls in arms and spins faster. This demonstrates conservation of:', 'Energy', 'Linear momentum', 'Angular momentum', 'Torque', 'C', 'No external torque, so angular momentum is conserved.'),
('a2000002-0000-0000-0000-000000000010', 'a1111111-1111-1111-1111-111111111111', 'a1111111-1111-1111-1111-111111111113', 'MEDIUM', 'Kinetic energy of rotation is:', '(1/2)Iomega', '(1/2)Iomega^2', 'Iomega^2', '(1/2)mv^2', 'B', 'KE_rot = (1/2)Iomega^2.'),
('a2000002-0000-0000-0000-000000000011', 'a1111111-1111-1111-1111-111111111111', 'a1111111-1111-1111-1111-111111111113', 'MEDIUM', 'A solid cylinder rolls down an incline. Fraction of KE that is rotational:', '1/2', '1/3', '2/3', '1/4', 'B', 'For cylinder: KE_rot/KE_total = (1/2)/(1+1) = 1/3.'),
('a2000002-0000-0000-0000-000000000012', 'a1111111-1111-1111-1111-111111111111', 'a1111111-1111-1111-1111-111111111113', 'MEDIUM', 'MI of a hollow cylinder about its axis is:', '(1/2)MR^2', 'MR^2', '(2/3)MR^2', '(2/5)MR^2', 'B', 'I = MR^2 for hollow cylinder (all mass at radius R).'),
('a2000002-0000-0000-0000-000000000013', 'a1111111-1111-1111-1111-111111111111', 'a1111111-1111-1111-1111-111111111113', 'MEDIUM', 'Angular impulse equals:', 'Change in torque', 'Change in angular momentum', 'Change in angular velocity', 'Torque * angular velocity', 'B', 'Angular impulse = DeltaL = change in angular momentum.'),
('a2000002-0000-0000-0000-000000000015', 'a1111111-1111-1111-1111-111111111111', 'a1111111-1111-1111-1111-111111111113', 'HARD', 'A body of I = 0.5 kg m^2 is rotating at 4 rad/s. Its angular momentum is:', '1 kg m^2/s', '2 kg m^2/s', '4 kg m^2/s', '8 kg m^2/s', 'B', 'L = Iomega = 0.5*4 = 2 kg m^2/s.'),
('a2000002-0000-0000-0000-000000000016', 'a1111111-1111-1111-1111-111111111111', 'a1111111-1111-1111-1111-111111111113', 'HARD', 'A disc of I = 1 kg m^2 starts from rest under torque 2 N m. After 3 s, angular velocity:', '2 rad/s', '4 rad/s', '6 rad/s', '8 rad/s', 'C', 'alpha = tau/I = 2. omega = alphat = 2*3 = 6 rad/s.'),
('a2000002-0000-0000-0000-000000000017', 'a1111111-1111-1111-1111-111111111111', 'a1111111-1111-1111-1111-111111111113', 'HARD', 'Parallel axis theorem: I = Icm + Md^2. If Icm = 2 kg m^2, M=5 kg, d=2 m:', '10 kg m^2', '12 kg m^2', '20 kg m^2', '22 kg m^2', 'D', 'I = 2 + 5*4 = 22 kg m^2.'),
('a2000002-0000-0000-0000-000000000018', 'a1111111-1111-1111-1111-111111111111', 'a1111111-1111-1111-1111-111111111113', 'HARD', 'The condition for a rigid body to be in equilibrium is:', 'SigmaF=0 only', 'Sigmatau=0 only', 'SigmaF=0 and Sigmatau=0', 'SigmaF=Sigmatau', 'C', 'Both translational (SigmaF=0) and rotational (Sigmatau=0) equilibrium required.'),
('a2000002-0000-0000-0000-000000000019', 'a1111111-1111-1111-1111-111111111111', 'a1111111-1111-1111-1111-111111111113', 'HARD', 'A hollow sphere has MI = (2/3)MR^2. Compared to solid sphere (2/5)MR^2), hollow sphere MI is:', 'Less', 'Equal', 'Greater', 'Cannot compare', 'C', '2/3 > 2/5, so hollow sphere has greater MI (mass farther from axis).'),
('a2000002-0000-0000-0000-000000000020', 'a1111111-1111-1111-1111-111111111111', 'a1111111-1111-1111-1111-111111111113', 'HARD', 'In rolling without slipping, the velocity of contact point with ground is:', '2v', 'v', 'v/2', 'Zero', 'D', 'Contact point is instantaneously at rest in rolling without slipping.')
ON CONFLICT (id) DO NOTHING;

-- Oscillations and Waves (batch 1)
INSERT INTO questions (id, subject_id, topic_id, difficulty, question_text, option_a, option_b, option_c, option_d, correct_answer, solution) VALUES
('a2000003-0000-0000-0000-000000000001', 'a1111111-1111-1111-1111-111111111111', 'a1111111-1111-1111-1111-111111111114', 'EASY', 'Time period of a simple pendulum depends on:', 'Mass of bob', 'Length and g', 'Amplitude', 'All of these', 'B', 'T = 2pisqrt(L/g), depends only on length and g.')
ON CONFLICT (id) DO NOTHING;

-- Electrostatics (batch 1)
INSERT INTO questions (id, subject_id, topic_id, difficulty, question_text, option_a, option_b, option_c, option_d, correct_answer, solution) VALUES
('a2000005-0000-0000-0000-000000000001', 'a1111111-1111-1111-1111-111111111111', 'a1111111-1111-1111-1111-111111111116', 'EASY', 'Coulomb''s law gives force between two charges as:', 'F = kq1q2/r', 'F = kq1q2/r^2', 'F = q1q2/r^2', 'F = kq1/q2r^2', 'B', 'Coulomb: F = kq1q2/r^2.'),
('a2000005-0000-0000-0000-000000000002', 'a1111111-1111-1111-1111-111111111111', 'a1111111-1111-1111-1111-111111111116', 'EASY', 'Electric field due to a point charge at distance r is:', 'kQ/r', 'kQ/r^2', 'kQ^2/r', 'kQ/r^3', 'B', 'E = kQ/r^2.'),
('a2000005-0000-0000-0000-000000000003', 'a1111111-1111-1111-1111-111111111111', 'a1111111-1111-1111-1111-111111111116', 'EASY', 'Electric potential at a point is defined as work done per unit __ charge:', 'Positive', 'Negative', 'Test', 'Moving', 'C', 'V = W/q_0 where q_0 is positive test charge.'),
('a2000005-0000-0000-0000-000000000004', 'a1111111-1111-1111-1111-111111111111', 'a1111111-1111-1111-1111-111111111116', 'EASY', 'Inside a conductor in electrostatic equilibrium, electric field is:', 'Maximum', 'Minimum', 'Zero', 'Uniform', 'C', 'E = 0 inside a conductor in electrostatic equilibrium.')
ON CONFLICT (id) DO NOTHING;

-- Some Basic Concepts of Chemistry (batch 1)
INSERT INTO questions (id, subject_id, topic_id, difficulty, question_text, option_a, option_b, option_c, option_d, correct_answer, solution) VALUES
('b3000001-0000-0000-0000-000000000001', 'b2222222-2222-2222-2222-222222222222', 'b2222222-2222-2222-2222-222222222201', 'EASY', 'Molar mass of water (H_2O) is:', '16 g/mol', '18 g/mol', '20 g/mol', '32 g/mol', 'B', 'H_2O: 2*1 + 16 = 18 g/mol.'),
('b3000001-0000-0000-0000-000000000002', 'b2222222-2222-2222-2222-222222222222', 'b2222222-2222-2222-2222-222222222201', 'EASY', 'Avogadro''s number is approximately:', '6.022*10^2^2', '6.022*10^2^3', '6.022*10^2^4', '6.022*10^2^1', 'B', 'Avogadro number NA = 6.022*10^2^3 mol-^1.'),
('b3000001-0000-0000-0000-000000000003', 'b2222222-2222-2222-2222-222222222222', 'b2222222-2222-2222-2222-222222222201', 'EASY', 'The number of moles in 44 g of CO_2 (molar mass 44 g/mol) is:', '0.5', '1', '2', '44', 'B', 'n = mass/molar mass = 44/44 = 1 mol.'),
('b3000001-0000-0000-0000-000000000004', 'b2222222-2222-2222-2222-222222222222', 'b2222222-2222-2222-2222-222222222201', 'EASY', 'Law of conservation of mass states:', 'Mass can be created', 'Mass can be destroyed', 'Total mass of reactants = products', 'Mass varies with temperature', 'C', 'Total mass is conserved in chemical reactions.'),
('b3000001-0000-0000-0000-000000000005', 'b2222222-2222-2222-2222-222222222222', 'b2222222-2222-2222-2222-222222222201', 'EASY', 'Empirical formula represents:', 'Molecular structure', 'Simplest whole number ratio of atoms', 'Actual number of atoms', '3D arrangement', 'B', 'Empirical formula = simplest ratio of atoms in compound.'),
('b3000001-0000-0000-0000-000000000006', 'b2222222-2222-2222-2222-222222222222', 'b2222222-2222-2222-2222-222222222201', 'EASY', 'Molarity is defined as:', 'Moles per litre of solution', 'Moles per kg of solvent', 'Mass per litre', 'Moles per mole solvent', 'A', 'Molarity M = moles of solute / volume of solution in litres.'),
('b3000001-0000-0000-0000-000000000007', 'b2222222-2222-2222-2222-222222222222', 'b2222222-2222-2222-2222-222222222201', 'EASY', 'Volume of 1 mole of any gas at STP is:', '11.2 L', '22.4 L', '44.8 L', '5.6 L', 'B', 'Molar volume at STP = 22.4 L/mol.'),
('b3000001-0000-0000-0000-000000000008', 'b2222222-2222-2222-2222-222222222222', 'b2222222-2222-2222-2222-222222222201', 'MEDIUM', 'Percentage composition of carbon in CO_2 is approximately:', '27.3%', '36.4%', '50%', '72.7%', 'A', '%C = (12/44)*100 = 27.27%.'),
('b3000001-0000-0000-0000-000000000009', 'b2222222-2222-2222-2222-222222222222', 'b2222222-2222-2222-2222-222222222201', 'MEDIUM', 'Dalton''s atomic theory states atoms of same element are:', 'Different in all properties', 'Identical in mass and properties', 'Always charged', 'Divisible', 'B', 'Dalton: atoms of same element are identical in mass and chemical properties.'),
('b3000001-0000-0000-0000-000000000010', 'b2222222-2222-2222-2222-222222222222', 'b2222222-2222-2222-2222-222222222201', 'MEDIUM', 'Molality is moles of solute per:', 'Litre of solution', '100 g of solvent', 'Kg of solvent', 'Kg of solution', 'C', 'Molality m = moles solute / kg of solvent.'),
('b3000001-0000-0000-0000-000000000011', 'b2222222-2222-2222-2222-222222222222', 'b2222222-2222-2222-2222-222222222201', 'MEDIUM', 'Law of definite proportions was given by:', 'Dalton', 'Proust', 'Lavoisier', 'Avogadro', 'B', 'Proust''s law: compounds always contain elements in fixed mass ratio.'),
('b3000001-0000-0000-0000-000000000012', 'b2222222-2222-2222-2222-222222222222', 'b2222222-2222-2222-2222-222222222201', 'MEDIUM', 'How many molecules are in 2 mol of N_2?', '6.022*10^2^3', '12.044*10^2^3', '3.011*10^2^3', '2.408*10^2^3', 'B', '2 mol * 6.022*10^2^3 = 12.044*10^2^3 molecules.'),
('b3000001-0000-0000-0000-000000000013', 'b2222222-2222-2222-2222-222222222222', 'b2222222-2222-2222-2222-222222222201', 'MEDIUM', 'Limiting reagent in a reaction is the one that:', 'Is in excess', 'Determines amount of product', 'Has least molar mass', 'Reacts slowest', 'B', 'Limiting reagent is fully consumed and determines max product formed.'),
('b3000001-0000-0000-0000-000000000014', 'b2222222-2222-2222-2222-222222222222', 'b2222222-2222-2222-2222-222222222201', 'MEDIUM', 'Molecular formula of glucose is C H_1_2O . Its empirical formula is:', 'C_2H O_2', 'CH_2O', 'C_3H O_3', 'C H_1_2O', 'B', 'Simplest ratio: C:H:O = 6:12:6 = 1:2:1 -> CH_2O.'),
('b3000001-0000-0000-0000-000000000015', 'b2222222-2222-2222-2222-222222222222', 'b2222222-2222-2222-2222-222222222201', 'HARD', 'Mole fraction of A in a solution of 2 mol A and 8 mol B:', '0.2', '0.8', '0.25', '0.4', 'A', 'A = nA/(nA+nB) = 2/10 = 0.2.'),
('b3000001-0000-0000-0000-000000000016', 'b2222222-2222-2222-2222-222222222222', 'b2222222-2222-2222-2222-222222222201', 'HARD', 'A compound has 40% C, 6.7% H, 53.3% O by mass. Empirical formula:', 'CH_2O', 'C_2H O', 'CH O', 'CHO', 'A', 'C:H:O = 40/12 : 6.7/1 : 53.3/16 = 3.33:6.7:3.33 = 1:2:1 -> CH_2O.'),
('b3000001-0000-0000-0000-000000000018', 'b2222222-2222-2222-2222-222222222222', 'b2222222-2222-2222-2222-222222222201', 'HARD', 'If reaction yield is 80% and theoretical yield is 25 g, actual yield is:', '20 g', '31.25 g', '15 g', '10 g', 'A', 'Actual yield = 0.80 * 25 = 20 g.'),
('b3000001-0000-0000-0000-000000000019', 'b2222222-2222-2222-2222-222222222222', 'b2222222-2222-2222-2222-222222222201', 'HARD', 'Gay-Lussac''s law of combining volumes applies to:', 'Solids', 'Liquids', 'Gases only', 'All states', 'C', 'Gay-Lussac: volumes of gaseous reactants/products are in simple whole number ratios.'),
('b3000001-0000-0000-0000-000000000020', 'b2222222-2222-2222-2222-222222222222', 'b2222222-2222-2222-2222-222222222201', 'HARD', 'The ppm (parts per million) concentration means mg of solute per:', 'mL solution', 'g solution', 'kg solution', 'L solution', 'C', '1 ppm = 1 mg/kg = 1 mg per kg of solution.')
ON CONFLICT (id) DO NOTHING;

-- Structure of Atom and Periodic Table (batch 1)
INSERT INTO questions (id, subject_id, topic_id, difficulty, question_text, option_a, option_b, option_c, option_d, correct_answer, solution) VALUES
('b3000002-0000-0000-0000-000000000001', 'b2222222-2222-2222-2222-222222222222', 'b2222222-2222-2222-2222-222222222202', 'EASY', 'The charge on an electron is:', '+1.6*10-^1^9 C', '-1.6*10-^1^9 C', '1.6*10-^2^7 C', 'None', 'B', 'Electron charge = -1.6*10-^1^9 C.'),
('b3000002-0000-0000-0000-000000000002', 'b2222222-2222-2222-2222-222222222222', 'b2222222-2222-2222-2222-222222222202', 'EASY', 'Atomic number of an element is equal to number of:', 'Neutrons', 'Protons', 'Electrons and neutrons', 'Protons and neutrons', 'B', 'Atomic number Z = number of protons.'),
('b3000002-0000-0000-0000-000000000003', 'b2222222-2222-2222-2222-222222222222', 'b2222222-2222-2222-2222-222222222202', 'EASY', 'Isotopes have same:', 'Mass number', 'Number of neutrons', 'Atomic number', 'None of these', 'C', 'Isotopes: same protons (atomic number), different neutrons.'),
('b3000002-0000-0000-0000-000000000004', 'b2222222-2222-2222-2222-222222222222', 'b2222222-2222-2222-2222-222222222202', 'EASY', 'Maximum number of electrons in n=2 shell is:', '2', '8', '18', '32', 'B', '2n^2 = 2*4 = 8 electrons in n=2.'),
('b3000002-0000-0000-0000-000000000005', 'b2222222-2222-2222-2222-222222222222', 'b2222222-2222-2222-2222-222222222202', 'EASY', 'Aufbau principle states electrons fill orbitals in order of:', 'Decreasing energy', 'Increasing energy', 'Increasing mass', 'Alphabetical order', 'B', 'Aufbau: electrons fill lowest energy orbitals first.'),
('b3000002-0000-0000-0000-000000000006', 'b2222222-2222-2222-2222-222222222222', 'b2222222-2222-2222-2222-222222222202', 'EASY', 'Modern periodic law states properties are periodic function of:', 'Atomic mass', 'Atomic number', 'Mass number', 'Valence electrons', 'B', 'Modern periodic law: properties repeat with increasing atomic number.'),
('b3000002-0000-0000-0000-000000000007', 'b2222222-2222-2222-2222-222222222222', 'b2222222-2222-2222-2222-222222222202', 'EASY', 'The shape of p-orbital is:', 'Spherical', 'Dumbbell', 'Double dumbbell', 'Clover leaf', 'B', 'p-orbitals are dumbbell shaped.')
ON CONFLICT (id) DO NOTHING;

-- Chemical Equilibrium and Ionic Equilibrium (batch 1)
INSERT INTO questions (id, subject_id, topic_id, difficulty, question_text, option_a, option_b, option_c, option_d, correct_answer, solution) VALUES
('b3000005-0000-0000-0000-000000000001', 'b2222222-2222-2222-2222-222222222222', 'b2222222-2222-2222-2222-222222222205', 'EASY', 'At equilibrium, rate of forward reaction equals rate of:', 'Backward reaction', 'Dissociation', 'Ionization', 'None', 'A', 'Dynamic equilibrium: forward rate = backward rate.'),
('b3000005-0000-0000-0000-000000000002', 'b2222222-2222-2222-2222-222222222222', 'b2222222-2222-2222-2222-222222222205', 'EASY', 'Le Chatelier''s principle states that if a system at equilibrium is disturbed, it will:', 'Reach new equilibrium faster', 'Shift to counteract the disturbance', 'Stop reacting', 'Change temperature', 'B', 'Le Chatelier: system shifts to minimize the effect of the disturbance.'),
('b3000005-0000-0000-0000-000000000003', 'b2222222-2222-2222-2222-222222222222', 'b2222222-2222-2222-2222-222222222205', 'EASY', 'For N_2 + 3H_2 2NH_3, increasing pressure favors:', 'Reactant side', 'Product side (less moles)', 'No change', 'Cannot determine', 'B', 'Increased pressure favors side with fewer moles of gas (products: 2 mol).'),
('b3000005-0000-0000-0000-000000000004', 'b2222222-2222-2222-2222-222222222222', 'b2222222-2222-2222-2222-222222222205', 'EASY', 'pH of a neutral solution at 25 degreesC is:', '0', '7', '14', '1', 'B', 'Neutral solution: [H+] = 10-^7 M -> pH = 7.'),
('b3000005-0000-0000-0000-000000000005', 'b2222222-2222-2222-2222-222222222222', 'b2222222-2222-2222-2222-222222222205', 'EASY', 'A buffer solution resists changes in:', 'Temperature', 'Pressure', 'pH', 'Volume', 'C', 'Buffer maintains nearly constant pH when acid/base is added.'),
('b3000005-0000-0000-0000-000000000006', 'b2222222-2222-2222-2222-222222222222', 'b2222222-2222-2222-2222-222222222205', 'EASY', 'Kw (ionic product of water) at 25 degreesC is:', '10-^7', '10-^1^4', '10-^1', '1', 'B', 'Kw = [H+][OH-] = 10-^1^4 at 25 degreesC.'),
('b3000005-0000-0000-0000-000000000007', 'b2222222-2222-2222-2222-222222222222', 'b2222222-2222-2222-2222-222222222205', 'EASY', 'Strong acids are completely __ in water:', 'Dissociated', 'Associated', 'Precipitated', 'Reduced', 'A', 'Strong acids fully dissociate in water.'),
('b3000005-0000-0000-0000-000000000008', 'b2222222-2222-2222-2222-222222222222', 'b2222222-2222-2222-2222-222222222205', 'MEDIUM', 'For reaction A + B C + D, if Kc = 1, at equilibrium:', 'Products favored', 'Reactants favored', 'Roughly equal amounts of all', 'No reaction', 'C', 'Kc=1 means roughly equal concentrations of reactants and products.'),
('b3000005-0000-0000-0000-000000000009', 'b2222222-2222-2222-2222-222222222222', 'b2222222-2222-2222-2222-222222222205', 'MEDIUM', 'pH of 0.001 M HCl solution is:', '1', '2', '3', '4', 'C', 'HCl fully dissociates: [H+]=10-^3 M, pH = 3.'),
('b3000005-0000-0000-0000-000000000010', 'b2222222-2222-2222-2222-222222222222', 'b2222222-2222-2222-2222-222222222205', 'MEDIUM', 'Henderson-Hasselbalch equation for buffer pH is:', 'pH = pKa + log([salt]/[acid])', 'pH = pKa - log([acid]/[salt])', 'pH = pKa * [salt]', 'pH = Ka/[H+]', 'A', 'Henderson-Hasselbalch: pH = pKa + log([A-]/[HA]).'),
('b3000005-0000-0000-0000-000000000011', 'b2222222-2222-2222-2222-222222222222', 'b2222222-2222-2222-2222-222222222205', 'MEDIUM', 'Common ion effect suppresses:', 'Dissociation of weak electrolyte', 'Precipitation', 'Complex formation', 'Oxidation', 'A', 'Adding common ion reduces dissociation of weak electrolyte (Le Chatelier).'),
('b3000005-0000-0000-0000-000000000012', 'b2222222-2222-2222-2222-222222222222', 'b2222222-2222-2222-2222-222222222205', 'MEDIUM', 'Solubility product Ksp of AgCl = 1.8*10-^1^0. Solubility s is:', '1.8*10-^1^0 M', '1.34*10-^5 M', '3.6*10-^1^0 M', '1.8*10-^5 M', 'B', 'AgCl: Ksp = s^2 -> s = sqrt(1.8*10-^1^0) ~= 1.34*10-^5 M.'),
('b3000005-0000-0000-0000-000000000013', 'b2222222-2222-2222-2222-222222222222', 'b2222222-2222-2222-2222-222222222205', 'MEDIUM', 'Degree of dissociation of weak acid increases upon:', 'Adding strong acid', 'Dilution', 'Adding salt of weak acid', 'Increasing pressure', 'B', 'Dilution shifts equilibrium toward dissociation -> degree increases.'),
('b3000005-0000-0000-0000-000000000015', 'b2222222-2222-2222-2222-222222222222', 'b2222222-2222-2222-2222-222222222205', 'HARD', 'Salt of strong acid and weak base gives solution that is:', 'Acidic', 'Alkaline', 'Neutral', 'Cannot predict', 'A', 'e.g. NH Cl: NH + hydrolyzes to give acidic solution.'),
('b3000005-0000-0000-0000-000000000016', 'b2222222-2222-2222-2222-222222222222', 'b2222222-2222-2222-2222-222222222205', 'HARD', 'If Ka of acetic acid = 1.8*10-^5, pKa is approximately:', '4.74', '5.74', '3.74', '6.74', 'A', 'pKa = -log(1.8*10-^5) = 5 - log(1.8) ~= 4.74.'),
('b3000005-0000-0000-0000-000000000017', 'b2222222-2222-2222-2222-222222222222', 'b2222222-2222-2222-2222-222222222205', 'HARD', 'Kc for reverse reaction is related to Kc of forward reaction by:', 'Same value', 'Reciprocal', 'Square root', 'Double', 'B', 'K_reverse = 1/K_forward.'),
('b3000005-0000-0000-0000-000000000018', 'b2222222-2222-2222-2222-222222222222', 'b2222222-2222-2222-2222-222222222205', 'HARD', 'A reaction has DeltaG degrees = 0. The equilibrium constant K is:', '0', '1', 'Infinity', 'Cannot determine', 'B', 'DeltaG degrees = -RT ln K. DeltaG degrees=0 -> K=1.'),
('b3000005-0000-0000-0000-000000000019', 'b2222222-2222-2222-2222-222222222222', 'b2222222-2222-2222-2222-222222222205', 'HARD', 'Ostwald''s dilution law states Ka = Calpha^2 for weak acid when:', 'alpha is large', 'alpha << 1', 'alpha = 1', 'Always', 'B', 'Ka = Calpha^2/(1-alpha) ~= Calpha^2 when alpha << 1 (weak acid approximation).'),
('b3000005-0000-0000-0000-000000000020', 'b2222222-2222-2222-2222-222222222222', 'b2222222-2222-2222-2222-222222222205', 'HARD', 'If Q > K for a reaction, the reaction will proceed:', 'Forward', 'Backward', 'No change', 'Cannot predict', 'B', 'Q > K means too many products. reaction shifts backward to reach equilibrium.')
ON CONFLICT (id) DO NOTHING;

-- Organic Chemistry: Hydrocarbons (batch 1)
INSERT INTO questions (id, subject_id, topic_id, difficulty, question_text, option_a, option_b, option_c, option_d, correct_answer, solution) VALUES
('b3000008-0000-0000-0000-000000000001', 'b2222222-2222-2222-2222-222222222222', 'b2222222-2222-2222-2222-222222222208', 'EASY', 'The general formula for alkanes is:', 'C H_2', 'C H_2 _2', 'C H_2 _2', 'C H', 'B', 'Alkanes (saturated): C H_2 _2.'),
('b3000008-0000-0000-0000-000000000002', 'b2222222-2222-2222-2222-222222222222', 'b2222222-2222-2222-2222-222222222208', 'EASY', 'Benzene molecular formula is:', 'C H_1_0', 'C H_1_2', 'C H', 'C H', 'C', 'Benzene: C H .'),
('b3000008-0000-0000-0000-000000000003', 'b2222222-2222-2222-2222-222222222222', 'b2222222-2222-2222-2222-222222222208', 'EASY', 'Alkenes undergo __ addition reactions:', 'Nucleophilic', 'Electrophilic', 'Free radical', 'None', 'B', 'Alkenes: electrophilic addition due to pi electrons.'),
('b3000008-0000-0000-0000-000000000004', 'b2222222-2222-2222-2222-222222222222', 'b2222222-2222-2222-2222-222222222208', 'EASY', 'The IUPAC name of CH_3-CH_2-CH_3 is:', 'Methane', 'Ethane', 'Propane', 'Butane', 'C', '3 carbons in chain = propane.'),
('b3000008-0000-0000-0000-000000000005', 'b2222222-2222-2222-2222-222222222222', 'b2222222-2222-2222-2222-222222222208', 'EASY', 'Alkynes have __ bond between carbons:', 'Single', 'Double', 'Triple', 'Dative', 'C', 'Alkynes contain C C triple bond.'),
('b3000008-0000-0000-0000-000000000006', 'b2222222-2222-2222-2222-222222222222', 'b2222222-2222-2222-2222-222222222208', 'EASY', 'Halogenation of alkanes is a __ reaction:', 'Electrophilic addition', 'Nucleophilic substitution', 'Free radical substitution', 'Elimination', 'C', 'Alkane halogenation proceeds via free radical mechanism.'),
('b3000008-0000-0000-0000-000000000007', 'b2222222-2222-2222-2222-222222222222', 'b2222222-2222-2222-2222-222222222208', 'EASY', 'The number of sigma bonds in ethylene (C_2H ) is:', '4', '5', '6', '3', 'B', 'H_2C=CH_2: C-C sigma(1) + 2*C-H sigma(2) each C = 5 sigma bonds total.'),
('b3000008-0000-0000-0000-000000000008', 'b2222222-2222-2222-2222-222222222222', 'b2222222-2222-2222-2222-222222222208', 'MEDIUM', 'Markovnikov''s rule states that in addition of HX to alkene, H goes to carbon with:', 'More H atoms (less substituted)', 'Fewer H atoms', 'Equal H atoms', 'Halogen carbon', 'A', 'Markovnikov: H adds to carbon bearing more H atoms (more stable carbocation formed on other C).'),
('b3000008-0000-0000-0000-000000000009', 'b2222222-2222-2222-2222-222222222222', 'b2222222-2222-2222-2222-222222222208', 'MEDIUM', 'Benzene undergoes electrophilic __ substitution:', 'Nucleophilic', 'Electrophilic aromatic', 'Free radical', 'Cycloaddition', 'B', 'Benzene: electrophilic aromatic substitution to maintain aromaticity.'),
('b3000008-0000-0000-0000-000000000010', 'b2222222-2222-2222-2222-222222222222', 'b2222222-2222-2222-2222-222222222208', 'MEDIUM', 'Geometrical isomerism in alkenes arises due to:', 'Restricted rotation around C=C', 'Free rotation around C-C', 'Chirality', 'Different functional groups', 'A', 'C=C restricts rotation -> cis/trans isomers possible.'),
('b3000008-0000-0000-0000-000000000011', 'b2222222-2222-2222-2222-222222222222', 'b2222222-2222-2222-2222-222222222208', 'MEDIUM', 'Ozonolysis of alkene followed by reductive workup gives:', 'Alcohols', 'Aldehydes/ketones', 'Carboxylic acids', 'Alkanes', 'B', 'Ozonolysis cleaves C=C to give aldehydes and/or ketones.'),
('b3000008-0000-0000-0000-000000000012', 'b2222222-2222-2222-2222-222222222222', 'b2222222-2222-2222-2222-222222222208', 'MEDIUM', 'Aromatic compounds follow __ rule:', 'Hund''s', 'Aufbau', 'H ckel''s (4n+2 pi electrons)', 'Pauli''s', 'C', 'H ckel: aromatic if planar, cyclic, (4n+2) pi electrons.'),
('b3000008-0000-0000-0000-000000000013', 'b2222222-2222-2222-2222-222222222222', 'b2222222-2222-2222-2222-222222222208', 'MEDIUM', 'The reaction of alkane with Cl_2 in presence of UV light is:', 'Substitution', 'Addition', 'Elimination', 'Rearrangement', 'A', 'UV light initiates free radical substitution in alkanes.'),
('b3000008-0000-0000-0000-000000000014', 'b2222222-2222-2222-2222-222222222222', 'b2222222-2222-2222-2222-222222222208', 'MEDIUM', 'Which alkyl group is most stable carbocation?', 'Methyl', 'Primary', 'Secondary', 'Tertiary', 'D', 'Stability order: 3 degrees > 2 degrees > 1 degrees > methyl carbocation.'),
('b3000008-0000-0000-0000-000000000015', 'b2222222-2222-2222-2222-222222222222', 'b2222222-2222-2222-2222-222222222208', 'HARD', 'Peroxide effect causes __ addition of HBr to alkenes:', 'Markovnikov', 'Anti-Markovnikov', 'No addition', 'Syn addition', 'B', 'Peroxide (radical) mechanism: H goes to more substituted C -> anti-Markovnikov.'),
('b3000008-0000-0000-0000-000000000016', 'b2222222-2222-2222-2222-222222222222', 'b2222222-2222-2222-2222-222222222208', 'HARD', 'Resonance stabilization of benzene leads to all C-C bonds being:', 'Pure single', 'Pure double', 'Intermediate (equal length)', 'Alternating exactly', 'C', 'Benzene resonance: all C-C bonds equal length (~1.40 A), intermediate between single and double.'),
('b3000008-0000-0000-0000-000000000017', 'b2222222-2222-2222-2222-222222222222', 'b2222222-2222-2222-2222-222222222208', 'HARD', 'Baeyer''s strain theory explains instability of:', 'Large rings', 'Small rings (3,4 membered)', 'Benzene', 'Alkanes', 'B', 'Baeyer strain: deviation from ideal bond angles causes instability in small rings.'),
('b3000008-0000-0000-0000-000000000018', 'b2222222-2222-2222-2222-222222222222', 'b2222222-2222-2222-2222-222222222208', 'HARD', 'The carbocation intermediate in electrophilic addition to propene (CH_3-CH=CH_2) with HCl gives major product:', '1-chloropropane', '2-chloropropane', '3-chloropropane', 'Both equal', 'B', 'Markovnikov: H to CH_2, Cl to CH (more substituted) -> 2-chloropropane.'),
('b3000008-0000-0000-0000-000000000019', 'b2222222-2222-2222-2222-222222222222', 'b2222222-2222-2222-2222-222222222208', 'HARD', 'Hyperconjugation stabilizes:', 'Carbanions', 'Free radicals and carbocations', 'Anions', 'None', 'B', 'Hyperconjugation: C-H sigma electrons overlap with empty p-orbital -> stabilizes carbocations and radicals.')
ON CONFLICT (id) DO NOTHING;

-- Trigonometry (batch 1)
INSERT INTO questions (id, subject_id, topic_id, difficulty, question_text, option_a, option_b, option_c, option_d, correct_answer, solution) VALUES
('c4000001-0000-0000-0000-000000000001', 'c3333333-3333-3333-3333-333333333333', 'c3333333-3333-3333-3333-333333333301', 'EASY', 'sin^2theta + cos^2theta equals:', '0', '1', '2', 'sin2theta', 'B', 'Fundamental identity: sin^2theta + cos^2theta = 1.'),
('c4000001-0000-0000-0000-000000000002', 'c3333333-3333-3333-3333-333333333333', 'c3333333-3333-3333-3333-333333333301', 'EASY', 'Value of sin 30 degrees is:', '1/2', 'sqrt3/2', '1/sqrt2', '1', 'A', 'sin 30 degrees = 1/2.'),
('c4000001-0000-0000-0000-000000000003', 'c3333333-3333-3333-3333-333333333333', 'c3333333-3333-3333-3333-333333333301', 'EASY', 'Value of tan 45 degrees is:', '0', '1/2', '1', 'sqrt3', 'C', 'tan 45 degrees = 1.'),
('c4000001-0000-0000-0000-000000000004', 'c3333333-3333-3333-3333-333333333333', 'c3333333-3333-3333-3333-333333333301', 'EASY', 'cos(A+B) = ?', 'cosA cosB + sinA sinB', 'cosA cosB - sinA sinB', 'sinA cosB + cosA sinB', 'sinA cosB - cosA sinB', 'B', 'cos(A+B) = cosA cosB - sinA sinB.'),
('c4000001-0000-0000-0000-000000000005', 'c3333333-3333-3333-3333-333333333333', 'c3333333-3333-3333-3333-333333333301', 'EASY', 'pi radians equals __ degrees:', '90 degrees', '180 degrees', '270 degrees', '360 degrees', 'B', 'pi radians = 180 degrees.'),
('c4000001-0000-0000-0000-000000000006', 'c3333333-3333-3333-3333-333333333333', 'c3333333-3333-3333-3333-333333333301', 'EASY', 'sin(90 degrees - theta) = ?', 'sintheta', 'costheta', 'tantheta', '-costheta', 'B', 'sin(90 degrees-theta) = costheta.'),
('c4000001-0000-0000-0000-000000000007', 'c3333333-3333-3333-3333-333333333333', 'c3333333-3333-3333-3333-333333333301', 'EASY', 'The period of sin x is:', 'pi', '2pi', 'pi/2', '4pi', 'B', 'sin x has period 2pi.'),
('c4000001-0000-0000-0000-000000000008', 'c3333333-3333-3333-3333-333333333333', 'c3333333-3333-3333-3333-333333333301', 'MEDIUM', 'sin 2theta = ?', '2sintheta', '2costheta', '2sinthetacostheta', 'sin^2theta-cos^2theta', 'C', 'sin2theta = 2sinthetacostheta.'),
('c4000001-0000-0000-0000-000000000009', 'c3333333-3333-3333-3333-333333333333', 'c3333333-3333-3333-3333-333333333301', 'MEDIUM', 'Value of cos 60 degrees + sin 60 degrees is:', '(1+sqrt3)/2', '(sqrt3-1)/2', '1', '(1+sqrt3)/sqrt2', 'A', 'cos60 degrees + sin60 degrees = 1/2 + sqrt3/2 = (1+sqrt3)/2.'),
('c4000001-0000-0000-0000-000000000010', 'c3333333-3333-3333-3333-333333333333', 'c3333333-3333-3333-3333-333333333301', 'MEDIUM', 'tan(A-B) = ?', '(tanA-tanB)/(1+tanAtanB)', '(tanA+tanB)/(1-tanAtanB)', 'tanA - tanB', '(tanA-tanB)/(1-tanAtanB)', 'A', 'tan(A-B) = (tanA-tanB)/(1+tanAtanB).'),
('c4000001-0000-0000-0000-000000000011', 'c3333333-3333-3333-3333-333333333333', 'c3333333-3333-3333-3333-333333333301', 'MEDIUM', 'Principal value range of sin-^1x is:', '[0,pi]', '(-pi/2, pi/2)', '[-pi/2, pi/2]', '(0,pi)', 'C', 'Range of sin-^1x = [-pi/2, pi/2].'),
('c4000001-0000-0000-0000-000000000012', 'c3333333-3333-3333-3333-333333333333', 'c3333333-3333-3333-3333-333333333301', 'MEDIUM', 'cos 2theta expressed in terms of costheta only:', '1 - 2cos^2theta', '2cos^2theta - 1', '2costheta - 1', 'cos^2theta - 1', 'B', 'cos2theta = 2cos^2theta - 1.'),
('c4000001-0000-0000-0000-000000000013', 'c3333333-3333-3333-3333-333333333333', 'c3333333-3333-3333-3333-333333333301', 'MEDIUM', 'In a triangle, sine rule states a/sinA = ?', 'b/sinB', 'b/cosB', 'R', 'a/sinA = b/sinB = 2R', 'D', 'Sine rule: a/sinA = b/sinB = c/sinC = 2R.'),
('c4000001-0000-0000-0000-000000000014', 'c3333333-3333-3333-3333-333333333333', 'c3333333-3333-3333-3333-333333333301', 'MEDIUM', 'General solution of sintheta = 0 is:', 'theta = npi', 'theta = 2npi', 'theta = npi/2', 'theta = (2n+1)pi/2', 'A', 'sintheta = 0 -> theta = npi, n in .'),
('c4000001-0000-0000-0000-000000000015', 'c3333333-3333-3333-3333-333333333333', 'c3333333-3333-3333-3333-333333333301', 'HARD', 'sin3theta = ?', '3sintheta - 4sin^3theta', '4sin^3theta - 3sintheta', '3costheta - 4cos^3theta', '3sintheta + 4sin^3theta', 'A', 'sin3theta = 3sintheta - 4sin^3theta.'),
('c4000001-0000-0000-0000-000000000016', 'c3333333-3333-3333-3333-333333333333', 'c3333333-3333-3333-3333-333333333301', 'HARD', 'cosA + cosB = ?', '2cos((A+B)/2)cos((A-B)/2)', '2sin((A+B)/2)sin((A-B)/2)', '2cos((A-B)/2)', '2sin(A+B)/2', 'A', 'Sum-to-product: cosA+cosB = 2cos((A+B)/2)cos((A-B)/2).'),
('c4000001-0000-0000-0000-000000000017', 'c3333333-3333-3333-3333-333333333333', 'c3333333-3333-3333-3333-333333333301', 'HARD', 'If sintheta + costheta = sqrt2, then theta = ?', '30 degrees', '45 degrees', '60 degrees', '90 degrees', 'B', 'sintheta+costheta=sqrt2 -> sqrt2sin(theta+45 degrees)=sqrt2 -> theta+45 degrees=90 degrees -> theta=45 degrees.'),
('c4000001-0000-0000-0000-000000000019', 'c3333333-3333-3333-3333-333333333333', 'c3333333-3333-3333-3333-333333333301', 'HARD', 'The value of tan(pi/3) is:', '1', '1/sqrt3', 'sqrt3', '2', 'C', 'tan(60 degrees) = tan(pi/3) = sqrt3.'),
('c4000001-0000-0000-0000-000000000020', 'c3333333-3333-3333-3333-333333333333', 'c3333333-3333-3333-3333-333333333301', 'HARD', 'Cosine rule: a^2 = ?', 'b^2+c^2-2bc cosA', 'b^2+c^2+2bc cosA', 'b^2-c^2-2bc cosA', 'b^2+c^2', 'A', 'Cosine rule: a^2 = b^2+c^2-2bc cosA.')
ON CONFLICT (id) DO NOTHING;

-- Limits, Continuity and Differentiation (batch 1)
INSERT INTO questions (id, subject_id, topic_id, difficulty, question_text, option_a, option_b, option_c, option_d, correct_answer, solution) VALUES
('c4000006-0000-0000-0000-000000000001', 'c3333333-3333-3333-3333-333333333333', 'c3333333-3333-3333-3333-333333333306', 'EASY', 'lim(x->0) sinx/x = ?', '0', '1', 'infinity', 'Does not exist', 'B', 'Standard limit: lim(x->0) sinx/x = 1.'),
('c4000006-0000-0000-0000-000000000002', 'c3333333-3333-3333-3333-333333333333', 'c3333333-3333-3333-3333-333333333306', 'EASY', 'd/dx(x ) = ?', 'nx -^1', 'x -^1', 'nx', '(n-1)x', 'A', 'Power rule: d/dx(x ) = nx -^1.'),
('c4000006-0000-0000-0000-000000000003', 'c3333333-3333-3333-3333-333333333333', 'c3333333-3333-3333-3333-333333333306', 'EASY', 'd/dx(sinx) = ?', 'cosx', '-cosx', 'sinx', '-sinx', 'A', 'd/dx(sinx) = cosx.'),
('c4000006-0000-0000-0000-000000000004', 'c3333333-3333-3333-3333-333333333333', 'c3333333-3333-3333-3333-333333333306', 'EASY', 'd/dx(e ) = ?', 'e -^1', 'xe', 'e', 'e', 'C', 'd/dx(e ) = e .'),
('c4000006-0000-0000-0000-000000000005', 'c3333333-3333-3333-3333-333333333333', 'c3333333-3333-3333-3333-333333333306', 'EASY', 'd/dx(ln x) = ?', '1', '1/x', 'x', 'ln x', 'B', 'd/dx(ln x) = 1/x.'),
('c4000006-0000-0000-0000-000000000006', 'c3333333-3333-3333-3333-333333333333', 'c3333333-3333-3333-3333-333333333306', 'EASY', 'A function f(x) is continuous at x=a if lim(x->a) f(x) equals:', '0', '1', 'f(a)', 'f(0)', 'C', 'Continuity: lim(x->a)f(x) = f(a).'),
('c4000006-0000-0000-0000-000000000007', 'c3333333-3333-3333-3333-333333333333', 'c3333333-3333-3333-3333-333333333306', 'EASY', 'd/dx(cosx) = ?', 'sinx', '-sinx', 'cosx', '-cosx', 'B', 'd/dx(cosx) = -sinx.'),
('c4000006-0000-0000-0000-000000000008', 'c3333333-3333-3333-3333-333333333333', 'c3333333-3333-3333-3333-333333333306', 'MEDIUM', 'Chain rule: d/dx[f(g(x))] = ?', 'f''(x)g''(x)', 'f''(g(x)) g''(x)', 'f(g''(x))', 'f''(x)+g''(x)', 'B', 'Chain rule: derivative of outer * derivative of inner.')
ON CONFLICT (id) DO NOTHING;

-- Integration and Differential Equations (batch 1)
INSERT INTO questions (id, subject_id, topic_id, difficulty, question_text, option_a, option_b, option_c, option_d, correct_answer, solution) VALUES
('c4000008-0000-0000-0000-000000000001', 'c3333333-3333-3333-3333-333333333333', 'c3333333-3333-3333-3333-333333333308', 'EASY', 'x dx = ?', 'x +^1/(n+1) + C', 'x /n + C', 'nx -^1 + C', 'x +^1 + C', 'A', 'x dx = x +^1/(n+1) + C (n != -1).'),
('c4000008-0000-0000-0000-000000000002', 'c3333333-3333-3333-3333-333333333333', 'c3333333-3333-3333-3333-333333333308', 'EASY', 'e dx = ?', 'e -^1 + C', 'e + C', 'xe + C', 'e + C', 'B', 'e dx = e + C.'),
('c4000008-0000-0000-0000-000000000003', 'c3333333-3333-3333-3333-333333333333', 'c3333333-3333-3333-3333-333333333308', 'EASY', '(1/x) dx = ?', 'x + C', '1/x + C', 'ln|x| + C', '1/x^2 + C', 'C', '(1/x) dx = ln|x| + C.'),
('c4000008-0000-0000-0000-000000000004', 'c3333333-3333-3333-3333-333333333333', 'c3333333-3333-3333-3333-333333333308', 'EASY', 'sinx dx = ?', 'cosx + C', '-cosx + C', 'sinx + C', '-sinx + C', 'B', 'sinx dx = -cosx + C.'),
('c4000008-0000-0000-0000-000000000005', 'c3333333-3333-3333-3333-333333333333', 'c3333333-3333-3333-3333-333333333308', 'EASY', 'Definite integral _0^1 x dx = ?', '0', '1/2', '1', '2', 'B', '_0^1 x dx = [x^2/2]_0^1 = 1/2.'),
('c4000008-0000-0000-0000-000000000006', 'c3333333-3333-3333-3333-333333333333', 'c3333333-3333-3333-3333-333333333308', 'EASY', 'cosx dx = ?', '-sinx + C', 'sinx + C', 'cosx + C', '-cosx + C', 'B', 'cosx dx = sinx + C.'),
('c4000008-0000-0000-0000-000000000007', 'c3333333-3333-3333-3333-333333333333', 'c3333333-3333-3333-3333-333333333308', 'EASY', 'The order of differential equation d^2y/dx^2 + dy/dx = 0 is:', '1', '2', '3', '0', 'B', 'Order = highest derivative = 2.'),
('c4000008-0000-0000-0000-000000000008', 'c3333333-3333-3333-3333-333333333333', 'c3333333-3333-3333-3333-333333333308', 'MEDIUM', 'sec^2x dx = ?', 'secx tanx + C', 'tanx + C', '-cotx + C', '2secx + C', 'B', 'sec^2x dx = tanx + C.'),
('c4000008-0000-0000-0000-000000000009', 'c3333333-3333-3333-3333-333333333333', 'c3333333-3333-3333-3333-333333333308', 'MEDIUM', '_0^(pi/2) sinx dx = ?', '0', '1', '2', 'pi/2', 'B', '_0^(pi/2) sinx dx = [-cosx]_0^(pi/2) = 0-(-1) = 1.'),
('c4000008-0000-0000-0000-000000000010', 'c3333333-3333-3333-3333-333333333333', 'c3333333-3333-3333-3333-333333333308', 'MEDIUM', 'Integration by parts: u dv = ?', 'uv - v du', 'uv + v du', 'u dv - v du', 'uv', 'A', 'u dv = uv - v du (ILATE rule).'),
('c4000008-0000-0000-0000-000000000011', 'c3333333-3333-3333-3333-333333333333', 'c3333333-3333-3333-3333-333333333308', 'MEDIUM', 'x e dx = ?', 'e (x+1) + C', 'e (x-1) + C', 'xe + C', 'e + C', 'B', 'By parts: u=x, dv=e dx -> xe - e + C = e (x-1) + C.'),
('c4000008-0000-0000-0000-000000000012', 'c3333333-3333-3333-3333-333333333333', 'c3333333-3333-3333-3333-333333333308', 'MEDIUM', 'Variable separable DE: dy/dx = xy can be written as:', 'dy = x dx', 'dy/y = x dx', 'y dy = x dx', 'dy/x = y dx', 'B', 'Separate: dy/y = x dx, then integrate both sides.'),
('c4000008-0000-0000-0000-000000000013', 'c3333333-3333-3333-3333-333333333333', 'c3333333-3333-3333-3333-333333333308', 'MEDIUM', 'Area under curve y=f(x) from x=a to b is:', 'f(x) dx', 'f(x)^2 dx', 'f(b)-f(a)', '[f(b)+f(a)]/2', 'A', 'Area = f(x) dx (for f(x) >= 0).'),
('c4000008-0000-0000-0000-000000000015', 'c3333333-3333-3333-3333-333333333333', 'c3333333-3333-3333-3333-333333333308', 'HARD', '1/(1+x^2) dx = ?', 'tan-^1x + C', 'sin-^1x + C', 'sec-^1x + C', 'ln(1+x^2) + C', 'A', '1/(1+x^2) dx = tan-^1x + C.'),
('c4000008-0000-0000-0000-000000000016', 'c3333333-3333-3333-3333-333333333333', 'c3333333-3333-3333-3333-333333333308', 'HARD', '1/sqrt(1-x^2) dx = ?', 'cos-^1x + C', 'sin-^1x + C', 'tan-^1x + C', '-cos-^1x + C', 'B', '1/sqrt(1-x^2) dx = sin-^1x + C.'),
('c4000008-0000-0000-0000-000000000017', 'c3333333-3333-3333-3333-333333333333', 'c3333333-3333-3333-3333-333333333308', 'HARD', 'Solution of dy/dx = y with y(0)=1 is:', 'y = e', 'y = x+1', 'y = ln x', 'y = cos x', 'A', 'dy/y = dx -> ln y = x + C. y(0)=1 -> C=0 -> y=e .'),
('c4000008-0000-0000-0000-000000000018', 'c3333333-3333-3333-3333-333333333333', 'c3333333-3333-3333-3333-333333333308', 'HARD', 'tan x dx = ?', 'sec^2x + C', 'ln|sec x| + C', '-ln|cos x| + C', 'Both B and C', 'D', 'tanx dx = ln|secx| + C = -ln|cosx| + C (same result).'),
('c4000008-0000-0000-0000-000000000019', 'c3333333-3333-3333-3333-333333333333', 'c3333333-3333-3333-3333-333333333308', 'HARD', 'Fundamental theorem of calculus: d/dx[ f(t)dt] = ?', 'f(a)', 'f(x)', 'F(x)-F(a)', '0', 'B', 'FTC: d/dx[ f(t)dt] = f(x).'),
('c4000008-0000-0000-0000-000000000020', 'c3333333-3333-3333-3333-333333333333', 'c3333333-3333-3333-3333-333333333308', 'HARD', 'Linear DE: dy/dx + P(x)y = Q(x). Integrating factor is:', 'e^ Q dx', 'e^ P dx', 'P(x)', '1/P(x)', 'B', 'IF = e^( P dx). multiply DE by IF to solve.')
ON CONFLICT (id) DO NOTHING;

-- Matrices and Determinants (batch 1)
INSERT INTO questions (id, subject_id, topic_id, difficulty, question_text, option_a, option_b, option_c, option_d, correct_answer, solution) VALUES
('c4000009-0000-0000-0000-000000000001', 'c3333333-3333-3333-3333-333333333333', 'c3333333-3333-3333-3333-333333333309', 'EASY', 'Order of matrix with 3 rows and 4 columns is:', '4*3', '3*4', '12*1', '1*12', 'B', 'Matrix order = rows * columns = 3*4.')
ON CONFLICT (id) DO NOTHING;

-- Units and Measurements (batch 1)
INSERT INTO questions (id, subject_id, topic_id, difficulty, question_text, option_a, option_b, option_c, option_d, correct_answer, solution) VALUES
('f1110001-0000-0000-0000-000000000001', 'a1111111-1111-1111-1111-111111111111', 'f1110001-0000-0000-0000-000000000001', 'EASY', 'The dimensional formula for force is:', '[MLT-^1]', '[MLT-^2]', '[ML^2T-^2]', '[M^0LT-^2]', 'B', 'F=ma -> [M][LT-^2] = [MLT-^2]'),
('f1110001-0000-0000-0000-000000000002', 'a1111111-1111-1111-1111-111111111111', 'f1110001-0000-0000-0000-000000000001', 'EASY', 'Which of the following is a dimensionless quantity?', 'Strain', 'Stress', 'Pressure', 'Force', 'A', 'Strain = DeltaL/L, ratio of same quantities -> dimensionless'),
('f1110001-0000-0000-0000-000000000003', 'a1111111-1111-1111-1111-111111111111', 'f1110001-0000-0000-0000-000000000001', 'EASY', 'SI unit of luminous intensity is:', 'Candela', 'Lumen', 'Lux', 'Watt', 'A', 'Candela (cd) is the SI base unit of luminous intensity')
ON CONFLICT (id) DO NOTHING;

-- Motion in a Plane (batch 1)
INSERT INTO questions (id, subject_id, topic_id, difficulty, question_text, option_a, option_b, option_c, option_d, correct_answer, solution) VALUES
('f1110002-0000-0000-0000-000000000001', 'a1111111-1111-1111-1111-111111111111', 'f1110002-0000-0000-0000-000000000002', 'EASY', 'A projectile is fired at 30 degrees with velocity 20 m/s. Maximum height (g=10):', '5 m', '10 m', '15 m', '20 m', 'A', 'H = u^2sin^2theta/2g = 400*0.25/20 = 5 m'),
('f1110002-0000-0000-0000-000000000003', 'a1111111-1111-1111-1111-111111111111', 'f1110002-0000-0000-0000-000000000002', 'EASY', 'At highest point of projectile, the component of velocity is:', 'Zero', 'Horizontal only', 'Vertical only', 'Both equal', 'B', 'At highest point, vertical velocity = 0. horizontal velocity remains unchanged'),
('f1110002-0000-0000-0000-000000000004', 'a1111111-1111-1111-1111-111111111111', 'f1110002-0000-0000-0000-000000000002', 'EASY', 'A vector of magnitude 5 makes 30 degrees with x-axis. Its x-component is:', '2.5', '5/sqrt2', '5sqrt3/2', '5/2', 'C', 'Ax = A costheta = 5 cos30 degrees = 5*(sqrt3/2) = 5sqrt3/2'),
('f1110002-0000-0000-0000-000000000005', 'a1111111-1111-1111-1111-111111111111', 'f1110002-0000-0000-0000-000000000002', 'EASY', 'Two vectors A and B are perpendicular. The magnitude of A+B is:', 'A+B', 'A-B', 'sqrt(A^2+B^2)', 'A^2+B^2', 'C', '|A+B| = sqrt(A^2+B^2+2AB costheta). theta=90 degrees -> sqrt(A^2+B^2)'),
('f1110002-0000-0000-0000-000000000006', 'a1111111-1111-1111-1111-111111111111', 'f1110002-0000-0000-0000-000000000002', 'MEDIUM', 'Time of flight of a projectile projected at angle theta with velocity u is:', 'u sintheta/g', '2u sintheta/g', 'u costheta/g', '2u costheta/g', 'B', 'T = 2u sintheta/g (time to go up and come back)'),
('f1110002-0000-0000-0000-000000000007', 'a1111111-1111-1111-1111-111111111111', 'f1110002-0000-0000-0000-000000000002', 'MEDIUM', 'A ball is projected horizontally from height 20 m with velocity 10 m/s. Time to reach ground (g=10):', '2 s', 'sqrt2 s', '4 s', 'sqrt5 s', 'A', 'h = (1/2)gt^2 -> t = sqrt(2h/g) = sqrt(40/10) = 2 s'),
('f1110002-0000-0000-0000-000000000008', 'a1111111-1111-1111-1111-111111111111', 'f1110002-0000-0000-0000-000000000002', 'MEDIUM', 'Relative velocity of rain falling vertically at 10 m/s as seen by man walking at 10 m/s:', '10 m/s', '10sqrt2 m/s', '20 m/s', '0', 'B', '|Vrel| = sqrt(10^2+10^2) = 10sqrt2 m/s at 45 degrees'),
('f1110002-0000-0000-0000-000000000009', 'a1111111-1111-1111-1111-111111111111', 'f1110002-0000-0000-0000-000000000002', 'MEDIUM', 'A -> * B -> = 0 implies:', 'A and B are perpendicular', 'A and B are parallel', '|A|=0 or |B|=0 or parallel', 'Both B and C', 'D', 'Cross product is zero when vectors are parallel/antiparallel or one is zero'),
('f1110002-0000-0000-0000-000000000010', 'a1111111-1111-1111-1111-111111111111', 'f1110002-0000-0000-0000-000000000002', 'MEDIUM', 'Range of projectile at theta=30 degrees equals range at theta=?', '60 degrees', '45 degrees', '75 degrees', '90 degrees', 'A', 'R(theta) = R(90 degrees-theta). complementary angles give same range. R(30 degrees)=R(60 degrees)'),
('f1110002-0000-0000-0000-000000000011', 'a1111111-1111-1111-1111-111111111111', 'f1110002-0000-0000-0000-000000000002', 'MEDIUM', 'Horizontal range of projectile with u=40 m/s at 45 degrees (g=10 m/s^2):', '80 m', '160 m', '40 m', '120 m', 'B', 'R = u^2sin2theta/g = 1600*1/10 = 160 m'),
('f1110002-0000-0000-0000-000000000012', 'a1111111-1111-1111-1111-111111111111', 'f1110002-0000-0000-0000-000000000002', 'MEDIUM', 'A particle moves in a circle of radius r with speed v. Its centripetal acceleration is:', 'v/r', 'v^2r', 'v^2/r', 'vr^2', 'C', 'ac = v^2/r (centripetal acceleration)'),
('f1110002-0000-0000-0000-000000000013', 'a1111111-1111-1111-1111-111111111111', 'f1110002-0000-0000-0000-000000000002', 'MEDIUM', 'The angle between A= +j and B= -j is:', '0 degrees', '45 degrees', '90 degrees', '180 degrees', 'C', 'A B = 1-1 = 0 -> perpendicular -> 90 degrees'),
('f1110002-0000-0000-0000-000000000014', 'a1111111-1111-1111-1111-111111111111', 'f1110002-0000-0000-0000-000000000002', 'MEDIUM', 'A river flows at 4 m/s. Swimmer swims at 3 m/s perpendicular. Resultant speed:', '5 m/s', '7 m/s', '1 m/s', '12 m/s', 'A', 'Vres = sqrt(4^2+3^2) = sqrt25 = 5 m/s'),
('f1110002-0000-0000-0000-000000000015', 'a1111111-1111-1111-1111-111111111111', 'f1110002-0000-0000-0000-000000000002', 'HARD', 'For same launch speed, angle giving equal range to 30 degrees angle is:', '60 degrees', '45 degrees', '75 degrees', '15 degrees', 'A', 'Complementary angles: 90 degrees-30 degrees=60 degrees'),
('f1110002-0000-0000-0000-000000000016', 'a1111111-1111-1111-1111-111111111111', 'f1110002-0000-0000-0000-000000000002', 'HARD', 'A body is thrown with velocity 20 m/s at 60 degrees. Speed at highest point (g=10):', '10 m/s', '20 m/s', '0', '10sqrt3 m/s', 'A', 'At top, v = u costheta = 20 cos60 degrees = 20*0.5 = 10 m/s'),
('f1110002-0000-0000-0000-000000000017', 'a1111111-1111-1111-1111-111111111111', 'f1110002-0000-0000-0000-000000000002', 'HARD', 'Maximum height to range ratio for projectile at angle theta is:', 'tantheta', 'tantheta/4', 'sintheta/2', '2tantheta', 'B', 'H/R = (u^2sin^2theta/2g)/(u^2sin2theta/g) = sintheta/(4costheta) = tantheta/4'),
('f1110002-0000-0000-0000-000000000018', 'a1111111-1111-1111-1111-111111111111', 'f1110002-0000-0000-0000-000000000002', 'HARD', 'A shell fired at 45 degrees explodes at highest point into two equal pieces horizontally. One piece falls vertically. How far does other piece land from firing point? (R = normal range):', '3R/2', '2R', 'R', 'R/2', 'A', 'At top, COM has horizontal velocity u/sqrt2. One piece stops -> other has velocity 2*u/sqrt2. Remaining height H=R/4, extra range = 2u/sqrt2 * t from top -> total = R + R/2 = 3R/2'),
('f1110002-0000-0000-0000-000000000019', 'a1111111-1111-1111-1111-111111111111', 'f1110002-0000-0000-0000-000000000002', 'HARD', 'Scalar product A B = AB costheta. If A B = |A*B|, angle between vectors is:', '0 degrees', '30 degrees', '45 degrees', '90 degrees', 'C', 'AB costheta = AB sintheta -> tantheta=1 -> theta=45 degrees'),
('f1110002-0000-0000-0000-000000000020', 'a1111111-1111-1111-1111-111111111111', 'f1110002-0000-0000-0000-000000000002', 'HARD', 'A particle moves along y = x^2. At x=2, velocity makes angle with x-axis:', 'tan-^1(4)', 'tan-^1(2)', '45 degrees', '30 degrees', 'A', 'dy/dx = 2x = 4 at x=2. tantheta = vy/vx = 4 -> theta = tan-^1(4)'),
('f1110002-0000-0000-0000-000000000021', 'a1111111-1111-1111-1111-111111111111', 'f1110002-0000-0000-0000-000000000002', 'MEDIUM', 'A bullet is fired horizontally and another dropped from same height simultaneously. Which hits ground first?', 'Bullet', 'Dropped', 'Both simultaneously', 'Depends on mass', 'C', 'Both have same vertical acceleration g. hit ground simultaneously')
ON CONFLICT (id) DO NOTHING;

-- Motion in a Plane (batch 2)
INSERT INTO questions (id, subject_id, topic_id, difficulty, question_text, option_a, option_b, option_c, option_d, correct_answer, solution) VALUES
('f1110002-0000-0000-0000-000000000022', 'a1111111-1111-1111-1111-111111111111', 'f1110002-0000-0000-0000-000000000002', 'MEDIUM', 'Position vector of particle at t=2s is 3 +4j and at t=4s is 7 +8j. Average velocity vector:', '2 +2j', '4 +4j', '2 +4j', '+j', 'A', 'Deltar=(7-3) +(8-4)j=4 +4j. Deltat=2. v_avg=2 +2j m/s'),
('f1110002-0000-0000-0000-000000000023', 'a1111111-1111-1111-1111-111111111111', 'f1110002-0000-0000-0000-000000000002', 'MEDIUM', 'Area of parallelogram formed by vectors A=3 and B=4j is:', '12', '7', '0', '24', 'A', 'Area = |A*B| = |3 *4j| = 12|k| = 12 sq units'),
('f1110002-0000-0000-0000-000000000024', 'a1111111-1111-1111-1111-111111111111', 'f1110002-0000-0000-0000-000000000002', 'MEDIUM', 'In uniform circular motion, which quantity is constant?', 'Velocity', 'Speed', 'Acceleration magnitude', 'All except velocity', 'D', 'In UCM: speed constant, but velocity and acceleration direction change. magnitude of acceleration constant'),
('f1110002-0000-0000-0000-000000000025', 'a1111111-1111-1111-1111-111111111111', 'f1110002-0000-0000-0000-000000000002', 'HARD', 'A projectile has same range for projection angles theta and 90 degrees-theta. If R_1=R_2, ratio of their times of flight T_1/T_2 is:', 'tantheta', 'cottheta', 'sin2theta', '1', 'A', 'T = 2u sintheta/g. T_1/T_2 = sintheta/sin(90 degrees-theta) = sintheta/costheta = tantheta'),
('f1110002-0000-0000-0000-000000000026', 'a1111111-1111-1111-1111-111111111111', 'f1110002-0000-0000-0000-000000000002', 'EASY', 'Unit vector in direction of 3 +4j is:', '3 +4j', '(3 +4j)/5', '(3 +4j)/7', '(3 +4j)/25', 'B', '|v|=sqrt(9+16)=5. unit vector=(3 +4j)/5'),
('f1110002-0000-0000-0000-000000000027', 'a1111111-1111-1111-1111-111111111111', 'f1110002-0000-0000-0000-000000000002', 'MEDIUM', 'A stone thrown at 45 degrees covers horizontal range 40 m. The initial velocity is (g=10):', '20 m/s', '10sqrt2 m/s', '20sqrt2 m/s', '10 m/s', 'A', 'R=u^2/g (for 45 degrees). 40=u^2/10. u^2=400. u=20 m/s'),
('f1110002-0000-0000-0000-000000000028', 'a1111111-1111-1111-1111-111111111111', 'f1110002-0000-0000-0000-000000000002', 'MEDIUM', 'The trajectory of projectile is parabolic because:', 'Horizontal acceleration is constant', 'Vertical velocity is constant', 'Horizontal velocity is constant and vertical has constant acceleration', 'Both velocities are constant', 'C', 'x = u costheta t (uniform), y = u sintheta t - gt^2 (quadratic) -> parabola'),
('f1110002-0000-0000-0000-000000000029', 'a1111111-1111-1111-1111-111111111111', 'f1110002-0000-0000-0000-000000000002', 'HARD', 'Two projectiles have same range. One is fired at 30 degrees and other at 60 degrees. Ratio of their maximum heights H_1:H_2:', '1:3', '3:1', '1:2', '1:sqrt3', 'A', 'H sin^2theta. H_1/H_2 = sin^230 degrees/sin^260 degrees = (1/4)/(3/4) = 1:3'),
('f1110002-0000-0000-0000-000000000030', 'a1111111-1111-1111-1111-111111111111', 'f1110002-0000-0000-0000-000000000002', 'HARD', 'A particle moves with velocity v = 2t + 3t^2j. Acceleration at t=2s is:', '2 +6j', '2 +12j', '4 +12j', '2 +3j', 'B', 'a=dv/dt=2 +6tj. at t=2: a=2 +12j m/s^2')
ON CONFLICT (id) DO NOTHING;

-- Laws of Motion (batch 1)
INSERT INTO questions (id, subject_id, topic_id, difficulty, question_text, option_a, option_b, option_c, option_d, correct_answer, solution) VALUES
('f1110003-0000-0000-0000-000000000001', 'a1111111-1111-1111-1111-111111111111', 'f1110003-0000-0000-0000-000000000003', 'EASY', 'A body of mass 5 kg is acted on by net force 20 N. Acceleration is:', '4 m/s^2', '100 m/s^2', '0.25 m/s^2', '15 m/s^2', 'A', 'a=F/m=20/5=4 m/s^2'),
('f1110003-0000-0000-0000-000000000002', 'a1111111-1111-1111-1111-111111111111', 'f1110003-0000-0000-0000-000000000003', 'EASY', 'Newton''s first law defines:', 'Force', 'Inertia', 'Acceleration', 'Momentum', 'B', 'First law defines inertia: body continues in state of rest/motion unless force acts'),
('f1110003-0000-0000-0000-000000000003', 'a1111111-1111-1111-1111-111111111111', 'f1110003-0000-0000-0000-000000000003', 'EASY', 'Impulse of a force equals:', 'Force * distance', 'Change in KE', 'Change in momentum', 'Force * acceleration', 'C', 'Impulse = F*Deltat = Deltap (change in momentum)')
ON CONFLICT (id) DO NOTHING;

-- Gravitation (batch 1)
INSERT INTO questions (id, subject_id, topic_id, difficulty, question_text, option_a, option_b, option_c, option_d, correct_answer, solution) VALUES
('f1110004-0000-0000-0000-000000000001', 'a1111111-1111-1111-1111-111111111111', 'f1110004-0000-0000-0000-000000000004', 'EASY', 'Escape velocity from Earth (g=9.8 m/s^2, R=6400 km) is approximately:', '7.9 km/s', '11.2 km/s', '5 km/s', '16 km/s', 'B', 've=sqrt(2gR)=sqrt(2*9.8*6.4*10^6)~=11.2 km/s'),
('f1110004-0000-0000-0000-000000000002', 'a1111111-1111-1111-1111-111111111111', 'f1110004-0000-0000-0000-000000000004', 'EASY', 'Orbital speed of satellite at height h above Earth (R=radius, g=surface gravity):', 'sqrt(gR)', 'sqrt(gR^2/(R+h))', 'sqrt(g(R+h))', 'gR^2/(R+h)', 'B', 'v_0=sqrt(GM/(R+h))=sqrt(gR^2/(R+h))'),
('f1110004-0000-0000-0000-000000000003', 'a1111111-1111-1111-1111-111111111111', 'f1110004-0000-0000-0000-000000000004', 'EASY', 'Geostationary satellite orbits at height approximately:', '200 km', '6400 km', '36000 km', '384000 km', 'C', 'Geostationary orbit ~= 36000 km above Earth''s surface'),
('f1110004-0000-0000-0000-000000000004', 'a1111111-1111-1111-1111-111111111111', 'f1110004-0000-0000-0000-000000000004', 'EASY', 'Kepler''s third law states T^2 :', 'r', 'r^2', 'r^3', 'r^4', 'C', 'Kepler''s 3rd law: T^2 r^3 (r = semi-major axis)'),
('f1110004-0000-0000-0000-000000000006', 'a1111111-1111-1111-1111-111111111111', 'f1110004-0000-0000-0000-000000000004', 'MEDIUM', 'Gravitational PE of satellite of mass m at height h above Earth (M=Earth mass):', '-GMm/h', '-GMm/(R+h)', 'GMm/(R+h)', 'GMmg/h', 'B', 'PE = -GMm/r = -GMm/(R+h)'),
('f1110004-0000-0000-0000-000000000007', 'a1111111-1111-1111-1111-111111111111', 'f1110004-0000-0000-0000-000000000004', 'MEDIUM', 'If Earth''s radius reduces to half keeping mass same, g at surface becomes:', 'g/4', 'g/2', '2g', '4g', 'D', 'g=GM/R^2. if R->R/2, g->GM/(R/2)^2=4g'),
('f1110004-0000-0000-0000-000000000008', 'a1111111-1111-1111-1111-111111111111', 'f1110004-0000-0000-0000-000000000004', 'MEDIUM', 'The period of satellite orbiting at Earth''s surface (R=6400km, g=9.8 m/s^2) is approximately:', '84 min', '24 hours', '90 min', '60 min', 'A', 'T=2pisqrt(R/g)=2pisqrt(6.4*10^6/9.8)~=5070s~=84.5 min'),
('f1110004-0000-0000-0000-000000000009', 'a1111111-1111-1111-1111-111111111111', 'f1110004-0000-0000-0000-000000000004', 'MEDIUM', 'Energy required to move satellite from orbit r_1 to r_2 (r_2>r_1) is:', 'Positive', 'Negative', 'Zero', 'Depends on mass', 'A', 'Moving to higher orbit requires positive work input -> positive energy'),
('f1110004-0000-0000-0000-000000000010', 'a1111111-1111-1111-1111-111111111111', 'f1110004-0000-0000-0000-000000000004', 'MEDIUM', 'If mass of satellite doubles, orbital velocity:', 'Doubles', 'Halves', 'Remains same', 'Increases by sqrt2', 'C', 'v_0=sqrt(GM/r). independent of satellite mass'),
('f1110004-0000-0000-0000-000000000011', 'a1111111-1111-1111-1111-111111111111', 'f1110004-0000-0000-0000-000000000004', 'EASY', 'Gravitational force between Earth and Moon is an example of:', 'Contact force', 'Non-contact force', 'Magnetic force', 'Normal force', 'B', 'Gravity acts at distance without contact -> non-contact force'),
('f1110004-0000-0000-0000-000000000012', 'a1111111-1111-1111-1111-111111111111', 'f1110004-0000-0000-0000-000000000004', 'MEDIUM', 'Weight of body at centre of Earth is:', 'mg', 'mg/2', '2mg', 'Zero', 'D', 'At centre, g=0. weight = mg = 0'),
('f1110004-0000-0000-0000-000000000013', 'a1111111-1111-1111-1111-111111111111', 'f1110004-0000-0000-0000-000000000004', 'HARD', 'Time period of satellite at height equal to Earth radius R (above surface):', '2pisqrt(R/g)', '2pisqrt(2R/g)', '2sqrt2 pisqrt(R/g)', '4pisqrt(R/g)', 'C', 'At r=2R from centre: T=2pisqrt(r^3/GM)=2pisqrt(8R^3/gR^2)=2pi*2sqrt2*sqrt(R/g)=2sqrt2pisqrt(R/g)'),
('f1110004-0000-0000-0000-000000000014', 'a1111111-1111-1111-1111-111111111111', 'f1110004-0000-0000-0000-000000000004', 'HARD', 'Binding energy of satellite of mass m in orbit of radius r is:', 'GMm/2r', 'GMm/r', '-GMm/2r', '2GMm/r', 'A', 'BE = -TE = -(-GMm/2r) = GMm/2r'),
('f1110004-0000-0000-0000-000000000015', 'a1111111-1111-1111-1111-111111111111', 'f1110004-0000-0000-0000-000000000004', 'MEDIUM', 'Escape velocity is independent of:', 'Mass of planet', 'Radius of planet', 'Mass of projected body', 'G', 'C', 've=sqrt(2gR)=sqrt(2GM/R). no dependence on mass of body'),
('f1110004-0000-0000-0000-000000000016', 'a1111111-1111-1111-1111-111111111111', 'f1110004-0000-0000-0000-000000000004', 'HARD', 'Ratio of escape velocity to orbital velocity for near-Earth satellite:', '1', 'sqrt2', '2', '1/sqrt2', 'B', 've=sqrt(2gR), v_0=sqrt(gR). ve/v_0=sqrt2'),
('f1110004-0000-0000-0000-000000000017', 'a1111111-1111-1111-1111-111111111111', 'f1110004-0000-0000-0000-000000000004', 'MEDIUM', 'A satellite in orbit is given extra velocity. It will:', 'Fall to Earth', 'Go to higher orbit', 'Remain in same orbit', 'Crash into Moon', 'B', 'Increasing velocity -> more KE -> satellite moves to higher orbit'),
('f1110004-0000-0000-0000-000000000018', 'a1111111-1111-1111-1111-111111111111', 'f1110004-0000-0000-0000-000000000004', 'MEDIUM', 'Gravitational potential at surface of Earth (M, R) is:', '-GM/R', 'GM/R', '-GMm/R', 'Zero', 'A', 'V = -GM/R (negative, reference at infinity)'),
('f1110004-0000-0000-0000-000000000019', 'a1111111-1111-1111-1111-111111111111', 'f1110004-0000-0000-0000-000000000004', 'HARD', 'Two satellites orbit at radii r and 4r. Ratio of their speeds v_1:v_2 is:', '1:2', '2:1', '1:4', '4:1', 'B', 'v 1/sqrtr. v_1/v_2=sqrt(4r/r)=sqrt4=2 -> v_1:v_2=2:1'),
('f1110004-0000-0000-0000-000000000020', 'a1111111-1111-1111-1111-111111111111', 'f1110004-0000-0000-0000-000000000004', 'MEDIUM', 'Kepler''s second law (equal areas) is consequence of conservation of:', 'Energy', 'Linear momentum', 'Angular momentum', 'Mass', 'C', 'No torque about Sun -> angular momentum conserved -> equal areas'),
('f1110004-0000-0000-0000-000000000021', 'a1111111-1111-1111-1111-111111111111', 'f1110004-0000-0000-0000-000000000004', 'EASY', 'Gravitational field intensity at distance r from mass M is:', 'GM/r', 'GM/r^2', '-GM/r^2', 'GMm/r^2', 'B', 'g = GM/r^2 (field = force per unit mass)')
ON CONFLICT (id) DO NOTHING;

-- Gravitation (batch 2)
INSERT INTO questions (id, subject_id, topic_id, difficulty, question_text, option_a, option_b, option_c, option_d, correct_answer, solution) VALUES
('f1110004-0000-0000-0000-000000000022', 'a1111111-1111-1111-1111-111111111111', 'f1110004-0000-0000-0000-000000000004', 'MEDIUM', 'g at poles is greater than at equator because:', 'Earth is oblate (flatter at poles, polar radius < equatorial)', 'Earth rotates faster at poles', 'Density is more at poles', 'Temperature is lower', 'A', 'Polar radius < equatorial radius. g=GM/R^2 -> larger g at poles'),
('f1110004-0000-0000-0000-000000000023', 'a1111111-1111-1111-1111-111111111111', 'f1110004-0000-0000-0000-000000000004', 'HARD', 'A planet has mass 2M and radius 2R compared to Earth. Escape velocity from planet vs Earth:', 'Same', 'Double', 'Half', '4 times', 'A', 've=sqrt(2GM/R). planet: sqrt(2G*2M/2R)=sqrt(2GM/R)=same as Earth'),
('f1110004-0000-0000-0000-000000000024', 'a1111111-1111-1111-1111-111111111111', 'f1110004-0000-0000-0000-000000000004', 'HARD', 'Total energy of satellite in orbit r is:', '-GMm/r', 'GMm/r', '-GMm/2r', 'GMm/2r', 'C', 'TE = KE + PE = GMm/2r - GMm/r = -GMm/2r'),
('f1110004-0000-0000-0000-000000000025', 'a1111111-1111-1111-1111-111111111111', 'f1110004-0000-0000-0000-000000000004', 'EASY', 'Newton''s law of gravitation: F = Gm_1m_2/r^2. The value of G in SI is:', '6.67*10-^1^1 Nm^2/kg^2', '9.8 Nm^2/kg^2', '6.67*10-^8 Nm^2/kg^2', '6.67*10-^9 Nm^2/kg^2', 'A', 'G = 6.67*10-^1^1 N m^2/kg^2'),
('f1110004-0000-0000-0000-000000000026', 'a1111111-1111-1111-1111-111111111111', 'f1110004-0000-0000-0000-000000000004', 'HARD', 'If orbital radius of satellite doubles, time period changes by factor:', '2', '2sqrt2', '4', 'sqrt2', 'B', 'T r^(3/2). T_2/T_1=(2r/r)^(3/2)=2^(3/2)=2sqrt2'),
('f1110004-0000-0000-0000-000000000027', 'a1111111-1111-1111-1111-111111111111', 'f1110004-0000-0000-0000-000000000004', 'HARD', 'Weightlessness in satellite is because:', 'Gravity is zero', 'Gravity is balanced by centrifugal force', 'Both satellite and person fall freely together', 'Air resistance acts', 'C', 'Both satellite and occupant are in free fall (same acceleration g). apparent weight = 0'),
('f1110004-0000-0000-0000-000000000028', 'a1111111-1111-1111-1111-111111111111', 'f1110004-0000-0000-0000-000000000004', 'MEDIUM', 'Gravitational PE at height h above surface (h<<R) is approximately:', 'mgh', 'mg(R+h)', '-mgh', 'mgRh', 'A', 'For small h: DeltaPE = mgh (approximate, taking surface as zero)'),
('f1110004-0000-0000-0000-000000000029', 'a1111111-1111-1111-1111-111111111111', 'f1110004-0000-0000-0000-000000000004', 'HARD', 'The gravitational force between two bodies is 100 N. If both masses are doubled:', '100 N', '200 N', '400 N', '50 N', 'C', 'F m_1m_2. doubling both -> F*4 = 400 N'),
('f1110004-0000-0000-0000-000000000030', 'a1111111-1111-1111-1111-111111111111', 'f1110004-0000-0000-0000-000000000004', 'HARD', 'On Moon (g_moon = g/6), escape velocity compared to Earth is:', 've/6', 've/sqrt6', 've/2', 've*sqrt6', 'B', 've=sqrt(2gR). Moon: sqrt(2*g/6*R_moon). with R_moon~=R/4: ve_moon=vesqrt(1/6*1/4*... ) actually ratio depends on both g and R')
ON CONFLICT (id) DO NOTHING;

-- Thermal Properties of Matter (batch 1)
INSERT INTO questions (id, subject_id, topic_id, difficulty, question_text, option_a, option_b, option_c, option_d, correct_answer, solution) VALUES
('f1110005-0000-0000-0000-000000000001', 'a1111111-1111-1111-1111-111111111111', 'f1110005-0000-0000-0000-000000000005', 'EASY', 'SI unit of heat is:', 'Calorie', 'Joule', 'BTU', 'Erg', 'B', 'SI unit of heat is Joule (J)'),
('f1110005-0000-0000-0000-000000000002', 'a1111111-1111-1111-1111-111111111111', 'f1110005-0000-0000-0000-000000000005', 'EASY', '1 calorie = __ joules:', '0.24', '4.2', '42', '0.042', 'B', '1 cal = 4.2 J (mechanical equivalent of heat)')
ON CONFLICT (id) DO NOTHING;

-- Sound (batch 1)
INSERT INTO questions (id, subject_id, topic_id, difficulty, question_text, option_a, option_b, option_c, option_d, correct_answer, solution) VALUES
('f1110006-0000-0000-0000-000000000001', 'a1111111-1111-1111-1111-111111111111', 'f1110006-0000-0000-0000-000000000006', 'EASY', 'Speed of sound in air at 0 degreesC is approximately:', '232 m/s', '332 m/s', '432 m/s', '532 m/s', 'B', 'v_sound ~= 332 m/s at 0 degreesC in air'),
('f1110006-0000-0000-0000-000000000002', 'a1111111-1111-1111-1111-111111111111', 'f1110006-0000-0000-0000-000000000006', 'EASY', 'Sound waves are __ waves:', 'Transverse', 'Longitudinal', 'Electromagnetic', 'Surface', 'B', 'Sound = longitudinal mechanical waves (compression/rarefaction)'),
('f1110006-0000-0000-0000-000000000003', 'a1111111-1111-1111-1111-111111111111', 'f1110006-0000-0000-0000-000000000006', 'EASY', 'Frequency of a wave is 500 Hz and speed is 340 m/s. Wavelength is:', '0.68 m', '170 m', '68 m', '1.47 m', 'A', 'lambda = v/f = 340/500 = 0.68 m'),
('f1110006-0000-0000-0000-000000000004', 'a1111111-1111-1111-1111-111111111111', 'f1110006-0000-0000-0000-000000000006', 'EASY', 'Doppler effect is change in observed __ due to relative motion:', 'Amplitude', 'Frequency', 'Speed', 'Phase', 'B', 'Doppler effect: change in observed frequency due to relative motion'),
('f1110006-0000-0000-0000-000000000005', 'a1111111-1111-1111-1111-111111111111', 'f1110006-0000-0000-0000-000000000006', 'EASY', 'Beat frequency = |f_1 - f_2|. Two tuning forks of 440 Hz and 444 Hz produce __ beats/s:', '4', '884', '440', '444', 'A', 'Beat freq = |440-444| = 4 beats/s'),
('f1110006-0000-0000-0000-000000000006', 'a1111111-1111-1111-1111-111111111111', 'f1110006-0000-0000-0000-000000000006', 'MEDIUM', 'In open organ pipe, fundamental frequency for length L is:', 'v/4L', 'v/2L', 'v/L', '2v/L', 'B', 'Open pipe: f_1 = v/2L (antinode at both ends)'),
('f1110006-0000-0000-0000-000000000007', 'a1111111-1111-1111-1111-111111111111', 'f1110006-0000-0000-0000-000000000006', 'MEDIUM', 'A closed organ pipe produces __ harmonics only:', 'Even', 'Odd', 'All', 'None', 'B', 'Closed pipe: only odd harmonics (1st, 3rd, 5th...)'),
('f1110006-0000-0000-0000-000000000009', 'a1111111-1111-1111-1111-111111111111', 'f1110006-0000-0000-0000-000000000006', 'MEDIUM', 'Speed of sound in air at T degreesC is v_0 at 0 degreesC. At T degreesC:', 'v_0(1+T/273)', 'v_0sqrt(1+T/273)', 'v_0(1+T/546)', 'v_0*T/273', 'B', 'v sqrtT. v_T=v_0sqrt(T_K/273)=v_0sqrt(1+T/273)'),
('f1110006-0000-0000-0000-000000000010', 'a1111111-1111-1111-1111-111111111111', 'f1110006-0000-0000-0000-000000000006', 'MEDIUM', 'When a source moves away from observer, apparent frequency:', 'Increases', 'Decreases', 'Stays same', 'Becomes zero', 'B', 'Source moving away -> wavelength increases -> frequency decreases (redshift)'),
('f1110006-0000-0000-0000-000000000011', 'a1111111-1111-1111-1111-111111111111', 'f1110006-0000-0000-0000-000000000006', 'MEDIUM', 'Resonance is a special case of:', 'Beats', 'Forced vibration', 'Free vibration', 'Damped vibration', 'B', 'Resonance: forced vibration at natural frequency -> maximum amplitude'),
('f1110006-0000-0000-0000-000000000012', 'a1111111-1111-1111-1111-111111111111', 'f1110006-0000-0000-0000-000000000006', 'MEDIUM', 'An organ pipe open at both ends. If length = 0.5m and v=340m/s, fundamental freq:', '340 Hz', '680 Hz', '170 Hz', '85 Hz', 'A', 'f = v/2L = 340/(2*0.5) = 340 Hz'),
('f1110006-0000-0000-0000-000000000013', 'a1111111-1111-1111-1111-111111111111', 'f1110006-0000-0000-0000-000000000006', 'MEDIUM', 'Intensity of sound decreases with distance r as:', '1/r', '1/r^2', '1/r^3', 'r^2', 'B', 'Intensity 1/r^2 (inverse square law for point source)'),
('f1110006-0000-0000-0000-000000000014', 'a1111111-1111-1111-1111-111111111111', 'f1110006-0000-0000-0000-000000000006', 'MEDIUM', 'The decibel scale for sound intensity: if I_1/I_0 = 10^1^0, sound level is:', '10 dB', '100 dB', '1000 dB', '50 dB', 'B', 'beta = 10 log(I/I_0) = 10*10 = 100 dB'),
('f1110006-0000-0000-0000-000000000015', 'a1111111-1111-1111-1111-111111111111', 'f1110006-0000-0000-0000-000000000006', 'HARD', 'A tuning fork of 512 Hz produces 4 beats with unknown fork. On loading unknown fork, beats reduce to 2. Unknown fork frequency is:', '508 Hz', '516 Hz', '514 Hz', '510 Hz', 'A', 'Loading reduces frequency. beats decrease from 4 to 2 -> unknown is below 512. was 508 Hz'),
('f1110006-0000-0000-0000-000000000016', 'a1111111-1111-1111-1111-111111111111', 'f1110006-0000-0000-0000-000000000006', 'HARD', 'Standing wave has nodes and antinodes. Distance between adjacent node and antinode is:', 'lambda', 'lambda/2', 'lambda/4', 'lambda/8', 'C', 'Adjacent node-antinode spacing = lambda/4'),
('f1110006-0000-0000-0000-000000000017', 'a1111111-1111-1111-1111-111111111111', 'f1110006-0000-0000-0000-000000000006', 'HARD', 'Equation of a wave: y = A sin(kx - omegat). Phase velocity is:', 'omega/k', 'k/omega', 'Aomega', 'komega', 'A', 'Phase velocity v_phase = omega/k'),
('f1110006-0000-0000-0000-000000000018', 'a1111111-1111-1111-1111-111111111111', 'f1110006-0000-0000-0000-000000000006', 'HARD', 'Laplace correction modifies Newton''s formula because sound propagation is:', 'Isothermal', 'Isobaric', 'Adiabatic', 'Isochoric', 'C', 'Rapid compression/expansion is adiabatic not isothermal. v = sqrt(gammaP/rho)'),
('f1110006-0000-0000-0000-000000000019', 'a1111111-1111-1111-1111-111111111111', 'f1110006-0000-0000-0000-000000000006', 'HARD', 'For a closed pipe of length 0.5m (v=340m/s), the 3rd harmonic frequency is:', '510 Hz', '340 Hz', '1020 Hz', '680 Hz', 'C', 'Closed pipe 3rd harmonic (3rd odd = 3f_1): f_1=v/4L=340/2=170Hz. 3rd harm=3*170*... wait: 1st harm=170Hz. 3rd harm=3*170=510Hz... no: n=1,3,5. 3rd harmonic is n=3: 3*170=510Hz'),
('f1110006-0000-0000-0000-000000000020', 'a1111111-1111-1111-1111-111111111111', 'f1110006-0000-0000-0000-000000000006', 'HARD', 'Two identical strings under same tension. One has double length. Ratio of fundamental frequencies f_1:f_2:', '2:1', '1:2', '1:4', '4:1', 'B', 'f = v/2L. f 1/L. f_1/f_2 = L_2/L_1 = 1/2 -> f_1:f_2 = 1:2'),
('f1110006-0000-0000-0000-000000000021', 'a1111111-1111-1111-1111-111111111111', 'f1110006-0000-0000-0000-000000000006', 'MEDIUM', 'Echo requires minimum distance between source and reflector (v=340m/s) of:', '17 m', '34 m', '10 m', '50 m', 'A', 'Persistence of hearing = 1/10 s. min distance = v*t/2 = 340*0.1/2 = 17 m')
ON CONFLICT (id) DO NOTHING;

-- Sound (batch 2)
INSERT INTO questions (id, subject_id, topic_id, difficulty, question_text, option_a, option_b, option_c, option_d, correct_answer, solution) VALUES
('f1110006-0000-0000-0000-000000000022', 'a1111111-1111-1111-1111-111111111111', 'f1110006-0000-0000-0000-000000000006', 'EASY', 'Ultrasonic waves have frequency:', '< 20 Hz', '20 Hz to 20 kHz', '> 20 kHz', 'None', 'C', 'Ultrasonic: frequency > 20 kHz (above human hearing range)'),
('f1110006-0000-0000-0000-000000000023', 'a1111111-1111-1111-1111-111111111111', 'f1110006-0000-0000-0000-000000000006', 'MEDIUM', 'In SONAR, time for echo to return is 4 s. Distance of object if v_sound in water = 1500 m/s:', '3000 m', '6000 m', '1500 m', '750 m', 'A', 'd = v*t/2 = 1500*4/2 = 3000 m'),
('f1110006-0000-0000-0000-000000000024', 'a1111111-1111-1111-1111-111111111111', 'f1110006-0000-0000-0000-000000000006', 'MEDIUM', 'Frequency of vibration of string: f = (1/2L)sqrt(T/mu). If tension quadruples, frequency:', 'Halves', 'Doubles', 'Quadruples', 'Stays same', 'B', 'f sqrtT. T*4 -> f*sqrt4=2. frequency doubles'),
('f1110006-0000-0000-0000-000000000025', 'a1111111-1111-1111-1111-111111111111', 'f1110006-0000-0000-0000-000000000006', 'EASY', 'Formation of beats requires two waves with:', 'Same amplitude and same frequency', 'Nearly equal frequencies', 'Large frequency difference', 'Same phase', 'B', 'Beats formed by superposition of waves with slightly different frequencies'),
('f1110006-0000-0000-0000-000000000026', 'a1111111-1111-1111-1111-111111111111', 'f1110006-0000-0000-0000-000000000006', 'HARD', 'A train moving at 72 km/h sounds horn at 600 Hz. Observer in front hears (v=340 m/s):', '600 Hz', '636 Hz', '566 Hz', '680 Hz', 'B', 'v_s=20m/s. f''=f*v/(v-v_s)=600*340/320=600*1.0625~=637.5~=636 Hz'),
('f1110006-0000-0000-0000-000000000027', 'a1111111-1111-1111-1111-111111111111', 'f1110006-0000-0000-0000-000000000006', 'MEDIUM', 'Sound travels fastest in:', 'Air', 'Water', 'Steel', 'Vacuum', 'C', 'Speed of sound: solids > liquids > gases. steel ~= 5100 m/s'),
('f1110006-0000-0000-0000-000000000028', 'a1111111-1111-1111-1111-111111111111', 'f1110006-0000-0000-0000-000000000006', 'EASY', 'Mach number is ratio of speed of object to:', 'Speed of light', 'Speed of sound', 'Speed of wind', 'Speed of projectile', 'B', 'Mach number = v_object/v_sound'),
('f1110006-0000-0000-0000-000000000029', 'a1111111-1111-1111-1111-111111111111', 'f1110006-0000-0000-0000-000000000006', 'HARD', 'In standing wave, energy is:', 'Transported from node to antinode', 'Transferred along the wave', 'Localized between nodes', 'Zero everywhere', 'C', 'Standing waves do not transfer energy. energy is localized between nodes'),
('f1110006-0000-0000-0000-000000000030', 'a1111111-1111-1111-1111-111111111111', 'f1110006-0000-0000-0000-000000000006', 'HARD', 'Fundamental frequency of a wire of mass M, length L under tension T is:', '(1/2L)sqrt(T/M/L)', '(1/2L)sqrt(TL/M)', '(1/L)sqrt(T/M)', 'sqrt(TL/M)', 'A', 'mu=M/L. f=(1/2L)sqrt(T/mu)=(1/2L)sqrt(TL/M)... so answer B? f=(1/2L)sqrt(TL/M): let''s verify: mu=M/L. f=(1/2L)sqrt(T/(M/L))=(1/2L)sqrt(TL/M)')
ON CONFLICT (id) DO NOTHING;

-- Optics (XI) (batch 1)
INSERT INTO questions (id, subject_id, topic_id, difficulty, question_text, option_a, option_b, option_c, option_d, correct_answer, solution) VALUES
('f1110007-0000-0000-0000-000000000001', 'a1111111-1111-1111-1111-111111111111', 'f1110007-0000-0000-0000-000000000007', 'EASY', 'Laws of reflection state angle of incidence __ angle of reflection:', 'Greater than', 'Less than', 'Equal to', 'Unrelated to', 'C', 'Law of reflection: angle of incidence = angle of reflection'),
('f1110007-0000-0000-0000-000000000002', 'a1111111-1111-1111-1111-111111111111', 'f1110007-0000-0000-0000-000000000007', 'EASY', 'Refractive index n = c/v. If n=1.5, speed of light in medium:', '3*10^8 m/s', '2*10^8 m/s', '4.5*10^8 m/s', '1*10^8 m/s', 'B', 'v = c/n = 3*10^8/1.5 = 2*10^8 m/s')
ON CONFLICT (id) DO NOTHING;

-- Electrostatics (XI) (batch 1)
INSERT INTO questions (id, subject_id, topic_id, difficulty, question_text, option_a, option_b, option_c, option_d, correct_answer, solution) VALUES
('f1110008-0000-0000-0000-000000000001', 'a1111111-1111-1111-1111-111111111111', 'f1110008-0000-0000-0000-000000000008', 'EASY', 'Force between two charges of 1muC each separated by 1m (k=9*10^9):', '9*10-^3 N', '9*10-^6 N', '9*10^3 N', '9*10-^1^2 N', 'A', 'F=kq_1q_2/r^2=9*10^9*10-^6*10-^6/1=9*10-^3 N'),
('f1110008-0000-0000-0000-000000000002', 'a1111111-1111-1111-1111-111111111111', 'f1110008-0000-0000-0000-000000000008', 'MEDIUM', 'Electric field due to +10muC at 3m from it:', '10000 V/m', '10 kV/m', '10 V/m', '100 kV/m', 'A', 'E=kQ/r^2=9*10^9*10-^5/9=10^4=10000 V/m'),
('f1110008-0000-0000-0000-000000000003', 'a1111111-1111-1111-1111-111111111111', 'f1110008-0000-0000-0000-000000000008', 'EASY', 'Work done in moving charge q through potential difference V is:', 'qV', 'q/V', 'V/q', 'q^2V', 'A', 'W = qV'),
('f1110008-0000-0000-0000-000000000004', 'a1111111-1111-1111-1111-111111111111', 'f1110008-0000-0000-0000-000000000008', 'EASY', 'Inside a conducting sphere, electric field is:', 'Maximum at centre', 'Increases toward centre', 'Zero everywhere', 'Equal to surface value', 'C', 'E=0 inside conductor in electrostatic equilibrium'),
('f1110008-0000-0000-0000-000000000005', 'a1111111-1111-1111-1111-111111111111', 'f1110008-0000-0000-0000-000000000008', 'MEDIUM', 'Capacitance of isolated sphere of radius R is:', '4piepsilon_0R', '4piepsilon_0/R', 'R/4piepsilon_0', '4piepsilon_0R^2', 'A', 'C=4piepsilon_0R (isolated sphere capacitance)'),
('f1110008-0000-0000-0000-000000000006', 'a1111111-1111-1111-1111-111111111111', 'f1110008-0000-0000-0000-000000000008', 'EASY', 'A parallel plate capacitor has plates of area A, separation d. Capacitance = :', 'epsilon_0A/d', 'epsilon_0d/A', 'epsilon_0Ad', 'epsilon_0/Ad', 'A', 'C=epsilon_0A/d for parallel plate capacitor in vacuum'),
('f1110008-0000-0000-0000-000000000008', 'a1111111-1111-1111-1111-111111111111', 'f1110008-0000-0000-0000-000000000008', 'MEDIUM', 'Gauss''s law: E dA = Q_enc/epsilon_0. Electric field at distance r outside uniformly charged sphere of total charge Q:', 'kQ/r^2', 'kQr', 'kQ/r', 'kQ^2/r^2', 'A', 'By Gauss''s law, field outside = kQ/r^2 (same as point charge)'),
('f1110008-0000-0000-0000-000000000009', 'a1111111-1111-1111-1111-111111111111', 'f1110008-0000-0000-0000-000000000008', 'MEDIUM', 'Potential due to a dipole at equatorial point:', 'kp/r^2', 'Zero', 'kp costheta/r^2', '2kp/r^3', 'B', 'At equatorial point of dipole, potential=0 (equal+opposite contributions cancel)'),
('f1110008-0000-0000-0000-000000000010', 'a1111111-1111-1111-1111-111111111111', 'f1110008-0000-0000-0000-000000000008', 'EASY', 'Energy stored in capacitor C charged to voltage V:', 'CV^2', '(1/2)CV^2', '(1/2)C^2V', 'CV', 'B', 'U = (1/2)CV^2'),
('f1110008-0000-0000-0000-000000000011', 'a1111111-1111-1111-1111-111111111111', 'f1110008-0000-0000-0000-000000000008', 'EASY', 'Dielectric constant of material is 5. If parallel plate capacitor is filled with this dielectric, capacitance:', 'Decreases by 5', 'Increases by 5', 'Remains same', 'Decreases by 1/5', 'B', 'C''= C_0. dielectric increases capacitance by factor =5'),
('f1110008-0000-0000-0000-000000000012', 'a1111111-1111-1111-1111-111111111111', 'f1110008-0000-0000-0000-000000000008', 'EASY', 'Electric potential is a __ quantity:', 'Vector', 'Scalar', 'Neither', 'Tensor', 'B', 'Electric potential is a scalar quantity'),
('f1110008-0000-0000-0000-000000000013', 'a1111111-1111-1111-1111-111111111111', 'f1110008-0000-0000-0000-000000000008', 'MEDIUM', 'A charge of 2muC is placed at origin. Potential at 3m is:', '6000 V', '2000 V', '600 V', '60 V', 'A', 'V=kQ/r=9*10^9*2*10-^6/3=6000 V'),
('f1110008-0000-0000-0000-000000000014', 'a1111111-1111-1111-1111-111111111111', 'f1110008-0000-0000-0000-000000000008', 'MEDIUM', 'Electric dipole moment p = qd. Direction of p is from:', '+q to -q', '-q to +q', 'Perpendicular to line', 'Random', 'B', 'By convention, electric dipole moment p points from -q to +q'),
('f1110008-0000-0000-0000-000000000015', 'a1111111-1111-1111-1111-111111111111', 'f1110008-0000-0000-0000-000000000008', 'HARD', 'Torque on dipole in uniform E: tau = :', 'p*E (cross product)', 'pE', 'pE sintheta', 'Both A and C', 'D', 'tau = p*E. magnitude tau = pE sintheta'),
('f1110008-0000-0000-0000-000000000016', 'a1111111-1111-1111-1111-111111111111', 'f1110008-0000-0000-0000-000000000008', 'HARD', 'A capacitor connected to battery. Dielectric inserted. Which increases?', 'Charge stored', 'Voltage across', 'Separation', 'None', 'A', 'V constant (battery), C increases -> Q=CV increases. energy also increases'),
('f1110008-0000-0000-0000-000000000017', 'a1111111-1111-1111-1111-111111111111', 'f1110008-0000-0000-0000-000000000008', 'MEDIUM', 'Electric flux through a surface DeltaA with E at angle theta:', 'E DeltaA', 'E DeltaA costheta', 'E DeltaA sintheta', 'E/DeltaA', 'B', 'phi = E DeltaA = EDeltaA costheta'),
('f1110008-0000-0000-0000-000000000018', 'a1111111-1111-1111-1111-111111111111', 'f1110008-0000-0000-0000-000000000008', 'HARD', 'Two charges +q at (0,d/2) and -q at (0,-d/2). Potential at (x,0):', '0', 'kq/x', '2kq/x', 'kqd/x^2', 'A', 'Equidistant from both charges: V=kq/r+k(-q)/r=0 at any point on perpendicular bisector plane'),
('f1110008-0000-0000-0000-000000000019', 'a1111111-1111-1111-1111-111111111111', 'f1110008-0000-0000-0000-000000000008', 'MEDIUM', 'The relation between E and V in 1D: E = :', 'V/x', 'dV/dx', '-dV/dx', 'V*x', 'C', 'E = -dV/dx (E is negative gradient of potential)'),
('f1110008-0000-0000-0000-000000000020', 'a1111111-1111-1111-1111-111111111111', 'f1110008-0000-0000-0000-000000000008', 'HARD', 'Capacitors 4muF and 12muF in parallel, then in series with 3muF. Equivalent capacitance:', '2 muF', '3 muF', '16 muF', '5 muF', 'A', '4+12=16muF in parallel. 16muF in series with 3muF: 1/C=1/16+1/3=3/48+16/48=19/48. C=48/19~=2.5... let me recalc: 1/C=1/16+1/3=(3+16)/48=19/48. C~=2.53muF~=2muF approx'),
('f1110008-0000-0000-0000-000000000021', 'a1111111-1111-1111-1111-111111111111', 'f1110008-0000-0000-0000-000000000008', 'MEDIUM', 'Field between plates of parallel plate capacitor is:', 'sigma/2epsilon_0', 'sigma/epsilon_0', '2sigma/epsilon_0', 'sigmaepsilon_0', 'B', 'E = sigma/epsilon_0 between parallel plates (sigma = surface charge density)')
ON CONFLICT (id) DO NOTHING;

-- Electrostatics (XI) (batch 2)
INSERT INTO questions (id, subject_id, topic_id, difficulty, question_text, option_a, option_b, option_c, option_d, correct_answer, solution) VALUES
('f1110008-0000-0000-0000-000000000022', 'a1111111-1111-1111-1111-111111111111', 'f1110008-0000-0000-0000-000000000008', 'EASY', 'Equipotential surfaces are always __ to electric field lines:', 'Parallel', 'Perpendicular', 'At 45 degrees', 'Random', 'B', 'E field is perpendicular to equipotential surfaces'),
('f1110008-0000-0000-0000-000000000023', 'a1111111-1111-1111-1111-111111111111', 'f1110008-0000-0000-0000-000000000008', 'MEDIUM', 'If distance between charges is halved, force becomes:', 'Half', 'Double', '4 times', 'Same', 'C', 'F 1/r^2. r->r/2 -> F*4'),
('f1110008-0000-0000-0000-000000000024', 'a1111111-1111-1111-1111-111111111111', 'f1110008-0000-0000-0000-000000000008', 'HARD', 'Van de Graaff generator can produce voltages up to:', '1000 V', '10000 V', 'Millions of volts', 'Billions of volts', 'C', 'Van de Graaff generates millions of volts (MV range)'),
('f1110008-0000-0000-0000-000000000025', 'a1111111-1111-1111-1111-111111111111', 'f1110008-0000-0000-0000-000000000008', 'HARD', 'Potential at centre of a charged ring of radius R, charge Q is:', 'kQ/R^2', 'kQ/R', 'Zero', 'kQ/2R', 'B', 'All points on ring equidistant from centre. V = kQ/R'),
('f1110008-0000-0000-0000-000000000026', 'a1111111-1111-1111-1111-111111111111', 'f1110008-0000-0000-0000-000000000008', 'HARD', 'Energy density of electric field E in medium of permittivity epsilon is:', 'epsilonE', '(1/2)epsilonE^2', 'epsilonE^2', 'epsilon^2E', 'B', 'u = (1/2)epsilonE^2 = (1/2)epsilon_0E^2 in vacuum'),
('f1110008-0000-0000-0000-000000000027', 'a1111111-1111-1111-1111-111111111111', 'f1110008-0000-0000-0000-000000000008', 'MEDIUM', 'The unit of permittivity epsilon_0 is:', 'C/Nm', 'C^2/Nm^2', 'N/C^2', 'Nm^2/C', 'B', 'epsilon_0 = C^2/(N m^2) or F/m'),
('f1110008-0000-0000-0000-000000000028', 'a1111111-1111-1111-1111-111111111111', 'f1110008-0000-0000-0000-000000000008', 'HARD', 'A +2muC and -2muC are placed 4cm apart. Field at midpoint:', 'Zero', 'Very large', 'Equal contributions adding up', '45*10^6 N/C', 'C', 'Both fields at midpoint point in same direction (from + to -). E_total = 2*kq/r^2 = 2*9*10^9*2*10-^6/(0.02)^2 = 2*9*10^9*2*10-^6/4*10-^4 = 9*10^7 N/C'),
('f1110008-0000-0000-0000-000000000029', 'a1111111-1111-1111-1111-111111111111', 'f1110008-0000-0000-0000-000000000008', 'HARD', 'A charged soap bubble experiences:', 'Inward pressure', 'Outward pressure due to charge', 'No change in pressure', 'Surface tension only', 'B', 'Electric repulsion between like charges -> outward pressure. increases bubble radius'),
('f1110008-0000-0000-0000-000000000030', 'a1111111-1111-1111-1111-111111111111', 'f1110008-0000-0000-0000-000000000008', 'EASY', 'Quantization of charge means charge is always multiple of:', '1 Coulomb', '1 muC', 'e = 1.6*10-^1^9 C', 'h (Planck''s constant)', 'C', 'Charge quantization: q = ne where e = 1.6*10-^1^9 C')
ON CONFLICT (id) DO NOTHING;

